date,ticker,open,high,low,close,adj_close,volume,dividends,splits,source,ret,ma50,ma200,rsi,vol21,peak,dd
2024-09-03,META,519.6400146484375,525.489990234375,508.6199951171875,511.760009765625,508.34759521484375,12459100,0.0,0.0,yahoo,,,,,,508.34759521484375,0.0
2024-09-04,META,506.07000732421875,516.5900268554688,504.07000732421875,512.739990234375,509.3210144042969,8335200,0.0,0.0,yahoo,0.0019148692717660953,,,,,509.3210144042969,0.0
2024-09-05,META,511.7200012207031,521.6300048828125,511.1499938964844,516.8599853515625,513.4134521484375,8640900,0.0,0.0,yahoo,0.00803508519853069,,,,,513.4134521484375,0.0
2024-09-06,META,521.8800048828125,524.5800170898438,498.25,500.2699890136719,496.93414306640625,14744500,0.0,0.0,yahoo,-0.0320975405164623,,,,,513.4134521484375,-0.0320975405164623
2024-09-09,META,506.1600036621094,511.3299865722656,502.0799865722656,504.7900085449219,501.4240417480469,11047800,0.0,0.0,yahoo,0.009035198615927387,,,,,513.4134521484375,-0.02335234955418397
2024-09-10,META,508.1600036621094,514.1799926757812,500.0299987792969,504.7900085449219,501.4240417480469,9899000,0.0,0.0,yahoo,0.0,,,,,513.4134521484375,-0.02335234955418397
2024-09-11,META,507.010009765625,513.1199951171875,495.6000061035156,511.8299865722656,508.41705322265625,10782500,0.0,0.0,yahoo,0.013946302714625602,,,,,513.4134521484375,-0.009731725775538713
2024-09-12,META,517.0499877929688,526.7100219726562,515.219970703125,525.5999755859375,522.09521484375,11970500,0.0,0.0,yahoo,0.02690342807030821,,,,,522.09521484375,0.0
2024-09-13,META,520.3400268554688,527.5800170898438,517.1099853515625,524.6199951171875,521.121826171875,10321400,0.0,0.0,yahoo,-0.001864389184578763,,,,,522.09521484375,-0.001864389184578763
2024-09-16,META,524.5399780273438,534.0999755859375,517.4000244140625,533.280029296875,530.2293701171875,9527600,0.5,0.0,yahoo,0.017476803864109547,,,,,530.2293701171875,0.0
2024-09-17,META,537.5999755859375,542.0999755859375,530.5700073242188,536.3200073242188,533.2520751953125,11690800,0.0,0.0,yahoo,0.005700749993265974,,,,,533.2520751953125,0.0
2024-09-18,META,537.0700073242188,544.2000122070312,533.9000244140625,537.9500122070312,534.8727416992188,10323500,0.0,0.0,yahoo,0.0030392127462657292,,,,,534.8727416992188,0.0
2024-09-19,META,550.0,562.0700073242188,546.52001953125,559.0999755859375,555.9016723632812,15647000,0.0,0.0,yahoo,0.039315764339114434,,,,,555.9016723632812,0.0
2024-09-20,META,560.0,564.5,556.2999877929688,561.3499755859375,558.1387939453125,22066800,0.0,0.0,yahoo,0.004024311660226987,,,,,558.1387939453125,0.0
2024-09-23,META,569.5,573.97998046875,562.4099731445312,564.4099731445312,561.1813354492188,12830700,0.0,0.0,yahoo,0.00545122743108295,,,80.10842299018168,,561.1813354492188,0.0
2024-09-24,META,566.6799926757812,567.75,554.1900024414062,563.3300170898438,560.1075439453125,12993000,0.0,0.0,yahoo,-0.001913448356308356,,,78.9087055839768,,561.1813354492188,-0.001913448356308356
2024-09-25,META,564.0499877929688,576.8800048828125,563.719970703125,568.3099975585938,565.0590209960938,16543400,0.0,0.0,yahoo,0.008840225603647056,,,79.11297331405683,,565.0590209960938,0.0
2024-09-26,META,575.72998046875,577.4000244140625,562.3499755859375,567.8400268554688,564.5917358398438,14400800,0.0,0.0,yahoo,-0.0008269669873179897,,,96.54067189746208,,565.0590209960938,-0.0008269669873179897
2024-09-27,META,570.0999755859375,570.8400268554688,564.510009765625,567.3599853515625,564.1144409179688,9398400,0.0,0.0,yahoo,-0.0008453806380375184,,,95.64352774976925,,565.0590209960938,-0.0016716485234761214
2024-09-30,META,567.7000122070312,574.6799926757812,564.7999877929688,572.4400024414062,569.1654052734375,12792300,0.0,0.0,yahoo,0.008953793750164252,,,95.94199395070073,,569.1654052734375,0.0
2024-10-01,META,577.97998046875,583.0399780273438,570.0999755859375,576.469970703125,573.1723022460938,15259300,0.0,0.0,yahoo,0.007039951717956683,,,95.770692261498,,573.1723022460938,0.0
2024-10-02,META,574.8599853515625,576.0,569.3400268554688,572.8099975585938,569.5332641601562,6524700,0.0,0.0,yahoo,-0.006348942668159663,,,89.07605105263634,0.2146176394745819,573.1723022460938,-0.006348942668159663
2024-10-03,META,570.1500244140625,583.3599853515625,568.72998046875,582.77001953125,579.436279296875,11581000,0.0,0.0,yahoo,0.01738794862372428,,,91.87495507562197,0.21801514112792922,579.436279296875,0.0
2024-10-04,META,583.72998046875,596.8499755859375,581.4299926757812,595.9400024414062,592.531005859375,14169500,0.0,0.0,yahoo,0.02259907953708029,,,92.31502024654017,0.22523545789734617,592.531005859375,0.0
2024-10-07,META,598.219970703125,602.9500122070312,584.0399780273438,584.780029296875,581.434814453125,12014200,0.0,0.0,yahoo,-0.018726769226458773,,,79.49123137339288,0.199302930182395,592.531005859375,-0.018726769226458773
2024-10-08,META,589.6900024414062,593.5599975585938,585.969970703125,592.8900146484375,589.4983520507812,7857400,0.0,0.0,yahoo,0.0138683432729092,,,80.99050671483025,0.20044739637016157,592.531005859375,-0.005118135217574538
2024-10-09,META,593.989990234375,594.3900146484375,581.6099853515625,590.510009765625,587.1320190429688,9529700,0.0,0.0,yahoo,-0.004014146943041252,,,72.47750834651204,0.20288569609728552,592.531005859375,-0.009111737213778115
2024-10-10,META,587.5700073242188,590.22998046875,582.52001953125,583.8300170898438,580.490234375,7740400,0.0,0.0,yahoo,-0.011312250826985948,,,65.12790346060613,0.21163969130325821,592.531005859375,-0.020320913783932193
2024-10-11,META,584.8300170898438,591.2100219726562,582.7100219726562,589.9500122070312,586.5751953125,8587100,0.0,0.0,yahoo,0.010482451860799324,,,66.50724917137023,0.1988705954397026,592.531005859375,-0.010051474923640558
2024-10-14,META,594.219970703125,600.0999755859375,589.9600219726562,590.4199829101562,587.04248046875,8252000,0.0,0.0,yahoo,0.0007966329977540099,,,67.64818328113152,0.19781713195196535,592.531005859375,-0.009262849262486661
2024-10-15,META,590.1599731445312,590.6099853515625,580.1400146484375,586.27001953125,582.916259765625,9564200,0.0,0.0,yahoo,-0.007028828134942211,,,61.82825215988615,0.19774517149933293,592.531005859375,-0.016226570421922992
2024-10-16,META,581.4000244140625,582.0800170898438,574.030029296875,576.7899780273438,573.490478515625,11268400,0.0,0.0,yahoo,-0.01617004345322237,,,55.26901818607606,0.210317352253064,592.531005859375,-0.03213422952632605
2024-10-17,META,583.3300170898438,584.969970703125,575.2000122070312,576.9299926757812,573.6296997070312,8701200,0.0,0.0,yahoo,0.00024276112092835866,,,55.65670918263677,0.2106262909696989,592.531005859375,-0.03189926934697762
2024-10-18,META,581.0999755859375,583.969970703125,575.25,576.469970703125,573.1723022460938,7694300,0.0,0.0,yahoo,-0.0007973740919814398,,,52.5196682968318,0.1654893416949105,592.531005859375,-0.03267120778802868
2024-10-21,META,576.030029296875,577.239990234375,569.1099853515625,575.1599731445312,571.8697509765625,8171900,0.0,0.0,yahoo,-0.0022725300305457274,,,49.1520736668036,0.16572114136676447,592.531005859375,-0.03486949151774177
2024-10-22,META,574.2899780273438,583.530029296875,572.1199951171875,582.010009765625,578.6806640625,8544500,0.0,0.0,yahoo,0.011909902690790508,,,55.71856033809756,0.16927610551190975,592.531005859375,-0.023374881077804832
2024-10-23,META,579.969970703125,585.0,562.5,563.6900024414062,560.46533203125,14248400,0.0,0.0,yahoo,-0.031477346941875095,,,39.256729665832516,0.20420252480356937,592.531005859375,-0.05411644877826882
2024-10-24,META,567.1300048828125,568.8800048828125,561.52001953125,567.780029296875,564.5321044921875,7184700,0.0,0.0,yahoo,0.007256064253249317,,,32.33826095393273,0.2034213600818293,592.531005859375,-0.04725305695451232
2024-10-25,META,573.9299926757812,581.2899780273438,571.719970703125,573.25,569.9707641601562,11337900,0.0,0.0,yahoo,0.009633924491966539,,,42.212636601316945,0.2060738214665105,592.531005859375,-0.038074364845260056
2024-10-28,META,582.0,583.75,574.1199951171875,578.1599731445312,574.8525390625,10925100,0.0,0.0,yahoo,0.00856495667727275,,,39.60183491168209,0.20785182547481584,592.531005859375,-0.02983551345340163
2024-10-29,META,580.1500244140625,593.6699829101562,575.4000244140625,593.280029296875,589.8862915039062,13019100,0.0,0.0,yahoo,0.026152363292896164,,,51.65735507783978,0.22407049828496356,592.531005859375,-0.0044634193473690464
2024-10-30,META,600.97998046875,601.2000122070312,589.3800048828125,591.7999877929688,588.4146118164062,26864900,0.0,0.0,yahoo,-0.00249485317542808,,,55.084794220003616,0.22369474613771187,592.531005859375,-0.006947136946864996
2024-10-31,META,585.0,589.9000244140625,563.010009765625,567.5800170898438,564.333251953125,26838400,0.0,0.0,yahoo,-0.040925835932155596,,,38.405835834077834,0.2666277622630844,592.531005859375,-0.04758865549213498
2024-11-01,META,567.6099853515625,573.6699829101562,562.5599975585938,567.1599731445312,563.91552734375,15303200,0.0,0.0,yahoo,-0.0007402091015004109,,,37.93827034735662,0.25875276034263917,592.531005859375,-0.04829363903771189
2024-11-04,META,564.0999755859375,568.6900024414062,557.8900146484375,560.6799926757812,557.47265625,12064600,0.0,0.0,yahoo,-0.011425241514625983,,,37.043133608010564,0.2459058295205694,592.531005859375,-0.0591671140627118
2024-11-05,META,567.2999877929688,573.47998046875,566.6699829101562,572.4299926757812,569.1553955078125,9775400,0.0,0.0,yahoo,0.02095661397349935,,,47.84201296262762,0.25184218818656556,592.531005859375,-0.03945044245855078
2024-11-06,META,562.75,573.0,555.1699829101562,572.0499877929688,568.777587890625,18305400,0.0,0.0,yahoo,-0.0006638039807219664,,,47.59036181097661,0.24607358249579364,592.531005859375,-0.04008805907852764
2024-11-07,META,576.8900146484375,594.7999877929688,575.2100219726562,591.7000122070312,588.3152465820312,14653700,0.0,0.0,yahoo,0.03435026116950879,,,56.32212026048657,0.2754407514727089,592.531005859375,-0.007114833208144877
2024-11-08,META,591.5399780273438,593.0999755859375,584.52001953125,589.3400268554688,585.9686889648438,9415700,0.0,0.0,yahoo,-0.003988605821148461,,,55.83538248018597,0.2727255439529928,592.531005859375,-0.011075060764142886
2024-11-11,META,586.3599853515625,587.0,576.510009765625,583.1699829101562,579.833984375,10209100,0.0,0.0,yahoo,-0.010469338559166319,559.7122320556641,,50.48003251702063,0.2728060898160898,592.531005859375,-0.02142845076260591
2024-11-12,META,588.5399780273438,599.6599731445312,580.3800048828125,584.8200073242188,581.4745483398438,16287700,0.0,0.0,yahoo,0.002829368421052525,561.174771118164,,60.14402592419483,0.2730100895603694,592.531005859375,-0.01865971132345312
2024-11-13,META,582.6099853515625,585.6400146484375,575.1699829101562,580.0,576.6821899414062,10757600,0.0,0.0,yahoo,-0.008241733730427359,562.5219946289062,,55.82569078510319,0.2734180966650497,592.531005859375,-0.0267476566816659
2024-11-14,META,577.0,580.760009765625,573.010009765625,577.1599731445312,573.8583374023438,11053700,0.0,0.0,yahoo,-0.004896722299243206,563.7308923339843,,51.911944988431195,0.2679438754659118,592.531005859375,-0.03151340313398354
2024-11-15,META,571.219970703125,572.5700073242188,551.5,554.0800170898438,550.9103393554688,17712900,0.0,0.0,yahoo,-0.03998895990733975,564.8104162597656,,40.00172301029269,0.3018940143518308,592.531005859375,-0.07024217482685469
2024-11-18,META,557.0399780273438,559.9000244140625,550.0900268554688,554.4000244140625,551.2286376953125,14327300,0.0,0.0,yahoo,0.0005777679544300973,565.8065081787109,,31.594428639096577,0.3019862008413123,592.531005859375,-0.06970499055008905
2024-11-19,META,551.8599853515625,561.4299926757812,550.5999755859375,561.0900268554688,557.8803100585938,9522400,0.0,0.0,yahoo,0.01206699345500617,566.9356335449219,,36.14547919802997,0.30569639686357275,592.531005859375,-0.058479126759832134
2024-11-20,META,562.9299926757812,566.3499755859375,554.2000122070312,565.52001953125,562.2849731445312,9797300,0.0,0.0,yahoo,0.00789535498299787,568.0129919433593,,48.868597659855794,0.30387096874582814,592.531005859375,-0.05104548524169894
2024-11-21,META,569.52001953125,570.0,549.0499877929688,563.0900268554688,559.8688354492188,11154700,0.0,0.0,yahoo,-0.004296998516251427,568.7684643554687,,47.81302179094651,0.2836528388681542,592.531005859375,-0.05512314138360541
2024-11-22,META,563.5499877929688,563.8300170898438,554.5900268554688,559.1400146484375,555.9415283203125,9164000,0.0,0.0,yahoo,-0.00701469144242528,569.4648583984375,,49.149395292818795,0.2834257939025146,592.531005859375,-0.061751160997887466
2024-11-25,META,562.0999755859375,572.5900268554688,556.3900146484375,565.1099853515625,561.8772583007812,13599800,0.0,0.0,yahoo,0.010676896180795481,570.0978161621093,,45.68090295913112,0.2839218372886613,592.531005859375,-0.05173357555211011
2024-11-26,META,566.0,577.5,565.2000122070312,573.5399780273438,570.259033203125,10356600,0.0,0.0,yahoo,0.014917448212251383,570.8379553222657,,50.80287064626588,0.2873175891368779,592.531005859375,-0.03758786027399175
2024-11-27,META,574.8900146484375,574.97998046875,564.0999755859375,569.2000122070312,565.9439086914062,7200200,0.0,0.0,yahoo,-0.007566955121220742,571.4593786621094,,35.480085883834974,0.27162804815712693,592.531005859375,-0.044870389743416506
2024-11-29,META,569.0,578.4600219726562,566.9000244140625,574.3200073242188,571.03466796875,7130500,0.0,0.0,yahoo,0.00899516577378634,571.7620385742188,,40.64060908967808,0.27417826019820346,592.531005859375,-0.03627884056370667
2024-12-02,META,577.5,594.5,575.5700073242188,592.8300170898438,589.438720703125,12522400,0.0,0.0,yahoo,0.03222930894868559,572.388037109375,,55.217113394405864,0.25751265616672103,592.531005859375,-0.0052187735758487674
2024-12-03,META,595.0,614.2000122070312,591.25,613.6500244140625,610.1397094726562,14907200,0.0,0.0,yahoo,0.03511983187130574,573.3672045898437,,62.89936817403284,0.28122412466226876,610.1397094726562,0.0
2024-12-04,META,612.9600219726562,617.780029296875,605.0999755859375,613.780029296875,610.2688598632812,14697000,0.0,0.0,yahoo,0.00021167347186201724,574.3704309082032,,65.77616517090243,0.27607178250524633,610.2688598632812,0.0
2024-12-05,META,617.0800170898438,619.9000244140625,607.0499877929688,608.9299926757812,605.4467163085938,8081200,0.0,0.0,yahoo,-0.007901670676376704,575.1781848144532,,64.56413188831907,0.2724220440962355,610.2688598632812,-0.007901670676376704
2024-12-06,META,610.0999755859375,629.7899780273438,608.530029296875,623.77001953125,620.2017211914062,16935500,0.0,0.0,yahoo,0.024370443319560398,576.2903845214844,,84.55832484039982,0.2817227018231533,620.2017211914062,0.0
2024-12-09,META,623.9199829101562,626.4000244140625,606.1699829101562,613.5700073242188,610.0601196289062,11426000,0.0,0.0,yahoo,-0.016352101608196112,577.2092980957032,,76.7230925423915,0.26794656706827585,620.2017211914062,-0.016352101608196112
2024-12-10,META,617.5599975585938,625.5900268554688,612.739990234375,619.3200073242188,615.7772216796875,10938900,0.0,0.0,yahoo,0.009371374831482093,578.1415344238281,,76.52377423909851,0.2682654834999929,620.2017211914062,-0.007133968450167005
2024-12-11,META,623.3699951171875,638.4000244140625,621.530029296875,632.6799926757812,629.060791015625,10837200,0.0,0.0,yahoo,0.021572037529584476,579.2593041992187,,78.28993606382137,0.27168533574993803,629.060791015625,0.0
2024-12-12,META,631.5,636.6599731445312,627.2100219726562,630.7899780273438,627.1815185546875,7474700,0.0,0.0,yahoo,-0.002987425838293589,580.4122692871093,,78.64769792570958,0.2727536309210658,629.060791015625,-0.002987425838293589
2024-12-13,META,627.219970703125,631.0800170898438,616.8900146484375,620.3499755859375,616.8013305664062,8453300,0.0,0.0,yahoo,-0.016550532311924493,581.1595703125,,74.55282370757051,0.2788079927818337,629.060791015625,-0.01948851466235202
2024-12-16,META,629.97998046875,631.1500244140625,618.5800170898438,624.239990234375,621.1697998046875,10885600,0.5,0.0,yahoo,0.007082457546370158,581.7323461914062,,74.22690542207405,0.2774256866603468,629.060791015625,-0.012544083693719621
2024-12-17,META,626.1699829101562,632.3699951171875,616.5399780273438,619.4400024414062,616.393310546875,12897800,0.0,0.0,yahoo,-0.007689506571817217,582.4315161132813,,69.42268278593997,0.2318196977239757,629.060791015625,-0.020137132451536588
2024-12-18,META,621.0,627.3599853515625,596.3200073242188,597.1900024414062,594.2527465820312,17075500,0.0,0.0,yahoo,-0.03591953966080563,582.5266040039063,,60.36275403506891,0.27243033673457523,629.060791015625,-0.05533335558459429
2024-12-19,META,610.3900146484375,611.52001953125,595.0,595.5700073242188,592.6407470703125,14958100,0.0,0.0,yahoo,-0.00271264966126028,582.6367785644532,,58.115837431060065,0.27153760889066536,629.060791015625,-0.05789590523757171
2024-12-20,META,590.5800170898438,603.1099853515625,580.0,585.25,582.3715209960938,48989400,0.0,0.0,yahoo,-0.017327910922399603,582.674404296875,,47.1725720269017,0.27976638925815356,629.060791015625,-0.07422060107124295
2024-12-23,META,589.5999755859375,601.0900268554688,586.25,599.8499755859375,596.8995971679688,10205800,0.0,0.0,yahoo,0.02494640559865635,582.8808923339843,,44.42769614265032,0.289867722172655,629.060791015625,-0.05112573269068588
2024-12-24,META,602.719970703125,607.989990234375,599.280029296875,607.75,604.7608642578125,4726100,0.0,0.0,yahoo,0.013170166519029358,583.2352600097656,,47.82352836192671,0.28932699165113696,629.060791015625,-0.03862890058460011
2024-12-26,META,605.47998046875,606.2999877929688,598.9400024414062,603.3499755859375,600.3824462890625,6081400,0.0,0.0,yahoo,-0.007239916184264672,583.5845837402344,,47.99182333524858,0.2909058134604106,629.060791015625,-0.04558914676634196
2024-12-27,META,599.4099731445312,601.8499755859375,589.7999877929688,599.8099975585938,596.8599243164062,8084200,0.0,0.0,yahoo,-0.005867130184149749,584.05197265625,,39.83891349238991,0.28937210794822127,629.060791015625,-0.05118879949142929
2024-12-30,META,588.75,596.9400024414062,585.5800170898438,591.239990234375,588.3319702148438,7025900,0.0,0.0,yahoo,-0.014288032675890738,584.3460180664063,,40.40658442779162,0.29318038802678853,629.060791015625,-0.06474544492754697
2024-12-31,META,592.27001953125,593.969970703125,583.8499755859375,585.510009765625,582.6302490234375,6019500,0.0,0.0,yahoo,-0.009691333260920865,584.5351770019531,,35.36295599938765,0.2947136801645612,629.060791015625,-0.07380930850454837
2025-01-02,META,589.719970703125,604.9099731445312,587.8200073242188,599.239990234375,596.2926635742188,12682300,0.0,0.0,yahoo,0.023449545528542615,585.0236352539063,,35.57849812207506,0.2844266194196582,629.060791015625,-0.052090557716213404
2025-01-03,META,604.760009765625,609.5,596.4099731445312,604.6300048828125,601.6561889648438,11436800,0.0,0.0,yahoo,0.008994786819069178,585.4831457519531,,39.10038786540586,0.2577410660872099,629.060791015625,-0.04356431435908803
2025-01-06,META,611.8300170898438,630.989990234375,605.6199951171875,630.2000122070312,627.1004638671875,14560800,0.0,0.0,yahoo,0.04229039004172952,586.8158483886718,,53.896554638498216,0.29744897430565853,629.060791015625,-0.0031162761635048497
2025-01-07,META,631.7000122070312,632.0999755859375,608.22998046875,617.8900146484375,614.85107421875,12071500,0.0,0.0,yahoo,-0.019533376794043877,587.8222277832032,,47.74392210531821,0.3047037419488405,629.060791015625,-0.022588781561052707
2025-01-08,META,613.4000244140625,616.4400024414062,602.7899780273438,610.719970703125,607.7161865234375,10085800,0.0,0.0,yahoo,-0.01160425344361371,588.5771362304688,,46.95317656942503,0.295135931480387,629.060791015625,-0.03393090905844953
2025-01-10,META,610.030029296875,629.9099731445312,597.3400268554688,615.8599853515625,612.8309326171875,19256600,0.0,0.0,yahoo,0.008416340073167827,589.3367041015625,,57.409317797990234,0.29113987270145464,629.060791015625,-0.025800143054909297
2025-01-13,META,607.0999755859375,608.969970703125,598.4500122070312,608.3300170898438,605.3379516601562,10785000,0.0,0.0,yahoo,-0.012226832162389956,589.6457373046875,,54.836978585143484,0.29234208475239465,629.060791015625,-0.037711521198401154
2025-01-14,META,605.0700073242188,605.489990234375,588.5499877929688,594.25,591.3272705078125,13598000,0.0,0.0,yahoo,-0.02314522179539391,589.7039904785156,,53.317119729731075,0.29054169848189343,629.060791015625,-0.05998390147141641
2025-01-15,META,610.2100219726562,622.4600219726562,606.5,617.1199951171875,614.0846557617188,15524300,0.0,0.0,yahoo,0.03848526254228557,590.6990185546875,,55.99944088177036,0.32379031479046283,629.060791015625,-0.023807135125568868
2025-01-16,META,611.5,616.25,609.7100219726562,611.2999877929688,608.2933349609375,8355300,0.0,0.0,yahoo,-0.009430818286116582,591.5865747070312,,51.251298300901404,0.3203496783126054,629.060791015625,-0.03301343264640322
2025-01-17,META,624.0499877929688,624.969970703125,603.6699829101562,612.77001953125,609.7561645507812,17280600,0.0,0.0,yahoo,0.0024048094985911206,592.6322448730468,,53.39046099354973,0.31936872722624976,629.060791015625,-0.03068801416422129
2025-01-21,META,617.8300170898438,621.5,609.010009765625,616.4600219726562,613.4280395507812,11674000,0.0,0.0,yahoo,0.006021874338417055,593.5176977539063,,55.986196895359974,0.319114970723138,629.060791015625,-0.024850939190796617
2025-01-22,META,623.2999877929688,633.7000122070312,619.4299926757812,623.5,620.4334106445312,12274000,0.0,0.0,yahoo,0.011420037301979269,594.5508142089843,,61.7275471933713,0.29312485554830137,629.060791015625,-0.013714700541365366
2025-01-23,META,627.3599853515625,636.5999755859375,621.1500244140625,636.4500122070312,633.3197021484375,9910200,0.0,0.0,yahoo,0.020769822003169347,595.4509033203125,,67.59464289800101,0.2993707368124682,633.3197021484375,0.0
2025-01-24,META,636.4000244140625,652.0,634.2000122070312,647.489990234375,644.3053588867188,19065300,0.0,0.0,yahoo,0.017346147137084378,596.61763671875,,66.98107179523933,0.29325109067668276,644.3053588867188,0.0
2025-01-27,META,626.6099853515625,663.8699951171875,625.0999755859375,659.8800048828125,656.6343994140625,28399200,0.0,0.0,yahoo,0.019135399632011163,598.1536450195313,,68.5315565789111,0.2889261946099448,656.6343994140625,0.0
2025-01-28,META,666.0,682.5800170898438,659.469970703125,674.3300170898438,671.0133666992188,20950100,0.0,0.0,yahoo,0.021897980516992543,599.9444213867188,,65.99491786550351,0.293689492770097,671.0133666992188,0.0
2025-01-29,META,675.0,681.0499877929688,665.6699829101562,676.489990234375,673.1626586914062,21377800,0.0,0.0,yahoo,0.0032030539164369376,601.8740307617187,,72.92638853892949,0.2903591633229934,673.1626586914062,0.0
2025-01-30,META,696.8200073242188,710.7899780273438,676.0999755859375,687.0,683.6209716796875,29322900,0.0,0.0,yahoo,0.015536086045847552,604.0692834472657,,79.08346297004807,0.2891525106140742,683.6209716796875,0.0
2025-01-31,META,691.0,705.2999877929688,685.5800170898438,689.1799926757812,685.790283203125,19303900,0.0,0.0,yahoo,0.003173266493137872,606.7668823242187,,78.60044751379101,0.27939012408554853,685.790283203125,0.0
2025-02-03,META,675.9099731445312,704.0,675.25,697.4600219726562,694.029541015625,21415700,0.0,0.0,yahoo,0.012014252774210865,609.622900390625,,84.5653296035433,0.2726250037014208,694.029541015625,0.0
2025-02-04,META,702.5,707.7100219726562,691.6099853515625,704.1900024414062,700.7265014648438,13826300,0.0,0.0,yahoo,0.009649388179382878,612.47982421875,,95.21306731471162,0.26723168744203285,700.7265014648438,0.0
2025-02-05,META,703.5499877929688,718.1400146484375,699.010009765625,704.8699951171875,701.4031372070312,17778200,0.0,0.0,yahoo,0.0009656203108816541,615.2621875,,94.14433261992747,0.26824326645539154,701.4031372070312,0.0
2025-02-06,META,705.8800048828125,718.9000244140625,703.5,711.989990234375,708.4880981445312,13080700,0.0,0.0,yahoo,0.010101125246904541,618.2345727539063,,,0.2369385528024409,708.4880981445312,0.0
2025-02-07,META,716.7999877929688,725.010009765625,711.75,714.52001953125,711.005615234375,16427100,0.0,0.0,yahoo,0.003553365393768715,621.3358544921875,,,0.21844834135646696,711.005615234375,0.0
2025-02-10,META,718.5599975585938,721.2000122070312,711.3300170898438,717.4000244140625,713.87158203125,12904300,0.0,0.0,yahoo,0.004030863801167461,624.3757409667969,,,0.2081108080672015,713.87158203125,0.0
2025-02-11,META,713.3200073242188,723.6599731445312,710.0399780273438,719.7999877929688,716.2597045898438,12998000,0.0,0.0,yahoo,0.0033453111437753424,627.2957543945313,,,0.20865526730350992,716.2597045898438,0.0
2025-02-12,META,715.2999877929688,727.0999755859375,712.5999755859375,725.3800048828125,721.8123168945312,12016500,0.0,0.0,yahoo,0.007752233259955776,630.4131225585937,,,0.19590063947529412,721.8123168945312,0.0
2025-02-13,META,721.52001953125,729.0,718.0399780273438,728.5599975585938,724.9766235351562,12569100,0.0,0.0,yahoo,0.0043838357514303095,633.4919616699219,,,0.15977127962750481,724.9766235351562,0.0
2025-02-14,META,726.1400146484375,740.9099731445312,725.6199951171875,736.6699829101562,733.0466918945312,16901200,0.0,0.0,yahoo,0.011131487688559538,636.36412109375,,,0.12137164362400242,733.0466918945312,0.0
2025-02-18,META,736.0,737.0,706.4400024414062,716.3699951171875,712.8465576171875,21938700,0.0,0.0,yahoo,-0.02755640875363241,638.4182580566406,,75.43562631697313,0.1638951648673098,733.0466918945312,-0.02755640875363241
2025-02-19,META,704.0999755859375,707.0,695.3900146484375,703.77001953125,700.3086547851562,17535500,0.0,0.0,yahoo,-0.017588501617993857,640.2190539550782,,64.65417259739576,0.18518158395921705,733.0466918945312,-0.04466023443167688
2025-02-20,META,697.280029296875,705.6300048828125,693.6400146484375,694.8400268554688,691.4224853515625,12587400,0.0,0.0,yahoo,-0.012688932762540128,641.9385693359375,,54.284195468177906,0.19698681467362977,733.0466918945312,-0.05678247648235413
2025-02-21,META,696.5800170898438,703.8699951171875,682.3599853515625,683.5499877929688,680.1879272460938,15660400,0.0,0.0,yahoo,-0.016248470860412367,643.1382934570313,,47.202044520257736,0.20991511229184864,733.0466918945312,-0.07210831892826097
2025-02-24,META,686.280029296875,687.27001953125,662.4500122070312,668.1300048828125,664.8438110351562,15677000,0.0,0.0,yahoo,-0.0225586423932308,644.2339672851563,,36.38979605429065,0.22090074356370482,733.0466918945312,-0.09304029554121207
2025-02-25,META,665.969970703125,668.0,641.8599853515625,657.5,654.2661743164062,20579700,0.0,0.0,yahoo,-0.015909957411321507,645.0037463378907,,29.090895107000378,0.22259875642094903,733.0466918945312,-0.1074699858129361
2025-02-26,META,659.6500244140625,683.010009765625,658.0,673.7000122070312,670.386474609375,14488700,0.0,0.0,yahoo,0.024638749374154445,645.8302600097657,,37.74474835564315,0.22902627175369972,733.0466918945312,-0.08547916248447052
2025-02-27,META,682.4500122070312,688.6500244140625,657.5700073242188,658.239990234375,655.00244140625,12500000,0.0,0.0,yahoo,-0.022948006539196708,646.3866784667969,,30.16749838748005,0.23036499803019886,733.0466918945312,-0.10646559264400857
2025-02-28,META,658.0399780273438,669.6300048828125,642.5999755859375,668.2000122070312,664.9134521484375,17534200,0.0,0.0,yahoo,0.015131257710901291,647.3489208984375,,33.79740045743024,0.23675603493520286,733.0466918945312,-0.09294529325274759
2025-03-03,META,673.6799926757812,681.25,650.8400268554688,655.0499877929688,651.828125,10843800,0.0,0.0,yahoo,-0.01967974494448388,647.9620874023437,,29.652051929584076,0.23816269291950665,733.0466918945312,-0.11079589853222716
2025-03-04,META,645.510009765625,649.75,623.6500244140625,640.0,636.8521728515625,21495200,0.0,0.0,yahoo,-0.022975308327540356,648.3712646484375,,25.943545371943102,0.24781798567007968,733.0466918945312,-0.13122563692956268
2025-03-05,META,641.0,659.5,637.6599731445312,656.469970703125,653.2412109375,13770000,0.0,0.0,yahoo,0.025734446366971087,649.5510339355469,,30.50634242391537,0.2626843526501984,733.0466918945312,-0.10886820967812705
2025-03-06,META,648.0,650.5599975585938,624.1099853515625,627.9299926757812,624.841552734375,13446500,0.0,0.0,yahoo,-0.043474994730303695,650.1950500488281,,25.105133922271463,0.2937190081984901,733.0466918945312,-0.14761015956637658
2025-03-07,META,625.3699951171875,634.7899780273438,600.6099853515625,625.6599731445312,622.5827026367188,21375700,0.0,0.0,yahoo,-0.0036150766346624286,650.9992736816406,,21.720087553502154,0.29291944494456323,733.0466918945312,-0.15069161416215182
2025-03-10,META,608.0700073242188,610.1099853515625,586.8699951171875,597.989990234375,595.0487670898438,21999900,0.0,0.0,yahoo,-0.0442253461753197,650.9622570800781,,20.934003889725048,0.31601209865578955,733.0466918945312,-0.18825257153543262
2025-03-11,META,595.0499877929688,614.9299926757812,593.3300170898438,605.7100219726562,602.7308959960938,17401500,0.0,0.0,yahoo,0.012910082889206365,650.9216577148437,,25.332081252360766,0.3219599875529052,733.0466918945312,-0.17777284494885492
2025-03-12,META,629.9000244140625,633.3300170898438,609.3499755859375,619.5599975585938,616.5126953125,15747000,0.0,0.0,yahoo,0.02286559293369228,651.2442626953125,,31.520031126136132,0.33682925593064417,733.0466918945312,-0.15897213352242756
2025-03-13,META,620.25,620.5,586.510009765625,590.6400146484375,587.7349853515625,16480300,0.0,0.0,yahoo,-0.046678211462215846,651.0617639160156,,29.009101443443086,0.36161654613802297,733.0466918945312,-0.19822981011948393
2025-03-14,META,602.7999877929688,608.8599853515625,594.780029296875,607.5999755859375,605.1494750976562,12364500,0.525,0.0,yahoo,0.029629833479586143,651.3981140136718,,36.57298264978596,0.38185612649923123,733.0466918945312,-0.17447349290442815
2025-03-17,META,607.4600219726562,613.0999755859375,598.0,604.9000244140625,602.4603881835938,15473900,0.0,0.0,yahoo,-0.004443673876819543,651.794716796875,,37.918613840190574,0.379441868437042,733.0466918945312,-0.1781418634786308
2025-03-18,META,600.0499877929688,600.25,574.6599731445312,582.3599853515625,580.01123046875,20297700,0.0,0.0,yahoo,-0.0372624626533995,651.4690881347656,,29.528303243267757,0.3848841268327162,733.0466918945312,-0.2087663215971508
2025-03-19,META,584.280029296875,592.3200073242188,574.77001953125,584.0599975585938,581.7044067382812,20537500,0.0,0.0,yahoo,0.002919212905865498,651.0700524902344,,32.298694196774036,0.38264543581566834,733.0466918945312,-0.2064565420316019
2025-03-20,META,582.760009765625,610.2000122070312,579.510009765625,586.0,583.6365966796875,24336500,0.0,0.0,yahoo,0.0033216010039194277,650.2007751464844,,29.58509124803767,0.3838308632243494,733.0466918945312,-0.20382070728496027
2025-03-21,META,583.4199829101562,597.5399780273438,580.9500122070312,596.25,593.84521484375,25015900,0.0,0.0,yahoo,0.017491394854502573,649.7806579589844,,35.22244912435275,0.39365459754944937,733.0466918945312,-0.18989442090110298
2025-03-24,META,614.969970703125,622.5399780273438,612.2000122070312,618.8499755859375,616.3541259765625,15741300,0.0,0.0,yahoo,0.03790366676396473,649.9534167480468,,44.96903282712073,0.42122107508374873,733.0466918945312,-0.15918844898730977
2025-03-25,META,626.760009765625,633.8800048828125,621.1799926757812,626.3099975585938,623.7840576171875,15312500,0.0,0.0,yahoo,0.01205464736502404,650.1724792480469,,42.437562324855804,0.41942389873176134,733.0466918945312,-0.14905276223941288
2025-03-26,META,624.8900146484375,626.75,606.6099853515625,610.97998046875,608.515869140625,12609800,0.0,0.0,yahoo,-0.024476721214847896,650.2360375976563,,45.505740312844026,0.42385112913619705,733.0466918945312,-0.16988116054662372
2025-03-27,META,602.0,614.25,600.0999755859375,602.5800170898438,600.1497192382812,10436500,0.0,0.0,yahoo,-0.013748449837731935,650.4124865722656,,44.0253743833428,0.41291134337193736,733.0466918945312,-0.18129400777020466
2025-03-28,META,600.3099975585938,601.75,573.9199829101562,576.739990234375,574.4139404296875,17602800,0.0,0.0,yahoo,-0.042882264181107965,649.619072265625,,44.45113358501864,0.4293187980583053,733.0466918945312,-0.2164019744156589
2025-03-31,META,563.5,578.7000122070312,553.2999877929688,576.3599853515625,574.035400390625,21124700,0.0,0.0,yahoo,-0.0006590021801687884,648.9339135742188,,41.96806338804162,0.42301955526552065,733.0466918945312,-0.21691836722289493
2025-04-01,META,570.8400268554688,589.9099731445312,570.0,586.0,583.6365966796875,12836600,0.0,0.0,yahoo,0.016725791270937318,648.4115222167969,,40.57738328481863,0.42764525657080904,733.0466918945312,-0.20382070728496027
2025-04-02,META,574.9099731445312,592.6599731445312,573.3599853515625,583.9299926757812,581.5748901367188,13470800,0.0,0.0,yahoo,-0.0035325175883380577,647.7744592285156,,47.91518368948885,0.42256388706289966,733.0466918945312,-0.2066332246399467
2025-04-03,META,546.219970703125,552.5599975585938,530.2999877929688,531.6199951171875,529.4759521484375,34777500,0.0,0.0,yahoo,-0.0895825092724234,645.9553100585938,,29.25861425758542,0.5018022246136261,733.0466918945312,-0.2777050111500714
2025-04-04,META,506.6199951171875,518.0,494.20001220703125,504.7300109863281,502.6943664550781,38589800,0.0,0.0,yahoo,-0.05058130701628394,643.3428033447266,,25.845223910615147,0.5084309143166202,733.0466918945312,-0.314239635737413
2025-04-07,META,485.1000061035156,539.3699951171875,481.8999938964844,516.25,514.1678466796875,36606100,0.0,0.0,yahoo,0.022823968180742726,640.7400531005859,,33.163566138038476,0.5205892316512234,733.0466918945312,-0.2985878630038691
2025-04-08,META,543.25,547.4299926757812,502.8599853515625,510.45001220703125,508.39129638671875,28034200,0.0,0.0,yahoo,-0.011234755985368716,637.7751910400391,,31.636994768243042,0.5043903805542942,733.0466918945312,-0.3064680572081966
2025-04-09,META,509.2699890136719,587.8900146484375,502.1099853515625,585.77001953125,583.4075317382812,39216600,0.0,0.0,yahoo,0.1475560968189742,636.0230743408204,,49.95800145568096,0.734458729270329,733.0466918945312,-0.20413319071055802
2025-04-10,META,575.489990234375,581.2999877929688,535.2999877929688,546.2899780273438,544.0867309570312,28173500,0.0,0.0,yahoo,-0.06739851414686471,633.4415557861328,,41.75687251692927,0.7641416900672011,733.0466918945312,-0.2577734311154726
2025-04-11,META,535.510009765625,547.4000244140625,528.5900268554688,543.5700073242188,541.377685546875,17642300,0.0,0.0,yahoo,-0.004979069063844155,630.5966900634766,,36.70715937484107,0.7488889819295084,733.0466918945312,-0.2614690284629687
2025-04-14,META,556.1699829101562,557.77001953125,528.280029296875,531.47998046875,529.33642578125,14130900,0.0,0.0,yahoo,-0.022241884154241554,627.467612915039,,33.52443721296888,0.7420477048087444,733.0466918945312,-0.2778953487762148
2025-04-15,META,532.1099853515625,537.9400024414062,517.5,521.52001953125,519.4166870117188,15558700,0.0,0.0,yahoo,-0.018739951166010682,623.975355834961,,34.16189144078734,0.7434803255444289,733.0466918945312,-0.29142755467689774
2025-04-16,META,508.510009765625,513.3699951171875,495.6300048828125,502.30999755859375,500.2840881347656,18735100,0.0,0.0,yahoo,-0.03683477900378174,619.9665075683594,,32.90249932835664,0.743255354954593,733.0466918945312,-0.3175276641085434
2025-04-17,META,505.25,507.29998779296875,498.010009765625,501.4800109863281,499.45751953125,14593500,0.0,0.0,yahoo,-0.0016521984670696543,615.9275952148438,,35.9704811262493,0.7427323096471596,733.0466918945312,-0.31865524385572075
2025-04-21,META,491.3299865722656,493.5,479.79998779296875,484.6600036621094,482.7052917480469,16166000,0.0,0.0,yahoo,-0.03354084607420749,611.4119390869141,,33.893074997209396,0.7477244018697305,733.0466918945312,-0.34150812344502446
2025-04-22,META,491.8699951171875,506.8800048828125,486.3599853515625,500.2799987792969,498.2622985839844,17399400,0.0,0.0,yahoo,0.03222878866647605,607.1570727539063,,35.2532276594078,0.7557491633915212,733.0466918945312,-0.3202857279169429
2025-04-23,META,528.530029296875,535.3400268554688,516.52001953125,520.27001953125,518.1717529296875,18173900,0.0,0.0,yahoo,0.03995777806646017,603.243076171875,,39.68435709863861,0.7573282528302597,733.0466918945312,-0.2931258558844426
2025-04-24,META,518.72998046875,533.9000244140625,517.5,533.1500244140625,530.999755859375,13910000,0.0,0.0,yahoo,0.024756275997599886,599.5378771972656,,50.28424448076596,0.7626519915309219,733.0466918945312,-0.27562628447715065
2025-04-25,META,546.7999877929688,549.8599853515625,536.25,547.27001953125,545.0628051757812,17098900,0.0,0.0,yahoo,0.026484097518362226,596.0028869628907,,58.296929321774414,0.7679909658019596,733.0466918945312,-0.25644190035550507
2025-04-28,META,555.6400146484375,558.489990234375,540.5900268554688,549.739990234375,547.5228271484375,15179000,0.0,0.0,yahoo,0.004513281679279002,592.4538110351563,,56.77086469495748,0.767719487089438,733.0466918945312,-0.25308601320690005
2025-04-29,META,546.0,556.5700073242188,544.1199951171875,554.4400024414062,552.203857421875,11835000,0.0,0.0,yahoo,0.008549470526766578,588.8369543457031,,58.93342502904694,0.7548536921860258,733.0466918945312,-0.24670029409078276
2025-04-30,META,538.4000244140625,549.0999755859375,529.5,549.0,546.7857666015625,29244000,0.0,0.0,yahoo,-0.009811758370556145,585.5157385253906,,39.57351234125963,0.7554935214541378,733.0466918945312,-0.25409148878577503
2025-05-01,META,592.0800170898438,592.9500122070312,570.5,572.2100219726562,569.9022216796875,31159000,0.0,0.0,yahoo,0.04227698760668308,582.9076098632812,,58.0969681237193,0.7682369321495985,733.0466918945312,-0.22255672390145176
2025-05-02,META,583.4600219726562,604.3400268554688,578.3300170898438,597.02001953125,594.6122436523438,24739300,0.0,0.0,yahoo,0.04335835347303574,580.9714050292969,,64.67199607578209,0.7825945067845466,733.0466918945312,-0.18884806353113603
2025-05-05,META,591.219970703125,603.2100219726562,588.0499877929688,599.27001953125,596.8530883789062,13887700,0.0,0.0,yahoo,0.003768581542819227,579.3047082519531,,69.6709548742381,0.7079170190333716,733.0466918945312,-0.1857911713149374
2025-05-06,META,592.530029296875,596.030029296875,586.5800170898438,587.3099975585938,584.9413452148438,10600700,0.0,0.0,yahoo,-0.01995757983998303,577.7066589355469,,68.87153575525625,0.6842866468707112,733.0466918945312,-0.20204080901983867
2025-05-07,META,590.3599853515625,603.0800170898438,586.6699829101562,596.8099975585938,594.4030151367188,13139100,0.0,0.0,yahoo,0.016175416559757405,576.5093957519531,,78.70596428314136,0.6828689568694128,733.0466918945312,-0.18913348670804753
2025-05-08,META,606.2899780273438,611.2999877929688,596.6199951171875,598.010009765625,595.5982055664062,14622800,0.0,0.0,yahoo,0.0020107408597389576,575.0136303710938,,79.25680821108705,0.6797578871714172,733.0466918945312,-0.18750304427797715
2025-05-09,META,603.719970703125,606.969970703125,591.7100219726562,592.489990234375,590.100341796875,10427300,0.0,0.0,yahoo,-0.009230826617925847,573.7155883789062,,85.08485377426868,0.45525970234375085,733.0466918945312,-0.19500306280383972
2025-05-12,META,630.9199829101562,640.3900146484375,621.030029296875,639.4299926757812,636.8510131835938,21965100,0.0,0.0,yahoo,0.07922495222483938,573.1543395996093,,87.61008005053905,0.4612443134781188,733.0466918945312,-0.131227218913332
2025-05-13,META,645.5399780273438,660.9199829101562,642.8300170898438,656.030029296875,653.3840942382812,18570800,0.0,0.0,yahoo,0.025960673238218268,573.185458984375,,87.37878952005796,0.4627920890812756,733.0466918945312,-0.10867329262528291
2025-05-14,META,661.2100219726562,662.6699829101562,654.3099975585938,659.3599853515625,656.70068359375,12348200,0.0,0.0,yahoo,0.005076017896234797,573.5824291992187,,86.67822854623077,0.4487246819557466,733.0466918945312,-0.10414890230725671
2025-05-15,META,654.280029296875,657.3099975585938,638.5800170898438,643.8800048828125,641.2831420898438,14341800,0.0,0.0,yahoo,-0.023477273420113964,573.3432678222656,,77.85590950823658,0.4529205055022672,733.0466918945312,-0.1251810434714985
2025-05-16,META,637.9600219726562,640.4400024414062,626.1500244140625,640.3400268554688,637.7574462890625,18519000,0.0,0.0,yahoo,-0.005497876942923474,573.6015856933594,,75.96283868031023,0.4237524826054105,733.0466918945312,-0.12999069044182887
2025-05-19,META,628.25,643.0,627.7999877929688,640.4299926757812,637.8470458984375,9592400,0.0,0.0,yahoo,0.0001404916710834314,573.9068725585937,,75.31050590058616,0.4230718159404769,733.0466918945312,-0.12986846138007102
2025-05-20,META,636.010009765625,639.3499755859375,632.260009765625,637.0999755859375,634.5305786132812,6743500,0.0,0.0,yahoo,-0.0051994711059371035,574.6965087890625,,76.25778311923857,0.39505737084497,733.0466918945312,-0.1343926851734899
2025-05-21,META,631.7899780273438,646.6099853515625,630.1699829101562,635.5,632.9369506835938,11464600,0.0,0.0,yahoo,-0.002511506905104932,575.3006298828125,,71.65239961171807,0.39251158748211346,733.0466918945312,-0.13656666392178607
2025-05-22,META,634.0499877929688,643.25,630.7100219726562,636.5700073242188,634.002685546875,8228400,0.0,0.0,yahoo,0.001683793088917085,575.6504296875,,66.15470415929695,0.3800383951420296,733.0466918945312,-0.135112820837757
2025-05-23,META,624.0,632.4500122070312,622.6500244140625,627.0599975585938,624.5309448242188,8454100,0.0,0.0,yahoo,-0.014939590854392337,576.3863488769531,,60.715622501120066,0.38535149085817777,733.0466918945312,-0.14803388142965035
2025-05-27,META,635.4099731445312,643.0800170898438,632.75,642.3200073242188,639.7294311523438,9508400,0.0,0.0,yahoo,0.024335841889152166,577.0779479980469,,70.68505916218929,0.38412502469839305,733.0466918945312,-0.12730056867320771
2025-05-28,META,642.5999755859375,650.8800048828125,642.5499877929688,643.5800170898438,640.984375,9042900,0.0,0.0,yahoo,0.001961679088916979,577.848427734375,,68.74844927552608,0.3845121716339726,733.0466918945312,-0.12558861244786423
2025-05-29,META,651.6500244140625,653.3200073242188,639.5,645.0499877929688,642.4484252929688,8858800,0.0,0.0,yahoo,0.002284065493747489,579.0971716308594,,68.81593964732829,0.38497152017027764,733.0466918945312,-0.12359139957021659
2025-05-30,META,642.5,649.4099731445312,632.780029296875,647.489990234375,644.8786010742188,16241000,0.0,0.0,yahoo,0.003782678399657957,580.3606555175782,,72.55578459328379,0.3801157302762314,733.0466918945312,-0.12027622768809643
2025-06-02,META,644.3900146484375,673.260009765625,644.260009765625,670.9000244140625,668.1941528320312,15766300,0.0,0.0,yahoo,0.036154947177614805,582.051806640625,,65.99249340712865,0.3737289459733401,733.0466918945312,-0.08846986116926747
2025-06-03,META,671.4500122070312,675.5800170898438,665.030029296875,666.8499755859375,664.1605224609375,11585000,0.0,0.0,yahoo,-0.0060366142894214825,583.4581127929688,,56.302459215937965,0.3532245813820153,733.0466918945312,-0.09397241703057146
2025-06-04,META,669.3200073242188,689.0,668.5700073242188,687.9500122070312,685.1754150390625,14031900,0.0,0.0,yahoo,0.031641285302923094,584.8345385742188,,63.796948009700124,0.364509432575535,733.0466918945312,-0.06530453978551798
2025-06-05,META,691.6599731445312,694.3800048828125,682.25,684.6199951171875,681.8588256835938,13083100,0.0,0.0,yahoo,-0.004840496729264121,585.9960339355468,,72.27201397981023,0.3541213698267019,733.0466918945312,-0.06982893010354418
2025-06-06,META,696.1699829101562,702.8099975585938,691.8699951171875,697.7100219726562,694.8961181640625,11728000,0.0,0.0,yahoo,0.019120222529052544,587.7236389160156,,78.39815661940112,0.355169769792359,733.0466918945312,-0.052043852257037004
2025-06-09,META,698.4600219726562,705.1900024414062,693.9400024414062,694.0599975585938,691.2607421875,12773200,0.0,0.0,yahoo,-0.005231538760307464,589.545859375,,75.64303169886952,0.3575091670326335,733.0466918945312,-0.05700312158702614
2025-06-10,META,701.3499755859375,703.22998046875,691.5599975585938,702.4000244140625,699.567138671875,10850100,0.0,0.0,yahoo,0.012016300040545325,592.0489233398438,,79.79542817196784,0.3526342939691577,733.0466918945312,-0.04567178815871831
2025-06-11,META,703.7100219726562,708.8699951171875,691.989990234375,694.1400146484375,691.3404541015625,9582500,0.0,0.0,yahoo,-0.01175967840046177,594.3950244140625,,75.2236001562631,0.24742471731469245,733.0466918945312,-0.05689438101845945
2025-06-12,META,693.2999877929688,695.3800048828125,687.0,693.3599853515625,690.5636596679688,7322700,0.0,0.0,yahoo,-0.0011236062188827445,596.5335656738281,,74.48895837198154,0.23463713487297214,733.0466918945312,-0.05795406035701045
2025-06-13,META,687.9500122070312,694.5700073242188,681.010009765625,682.8699951171875,680.1158447265625,9274400,0.0,0.0,yahoo,-0.015129401605682102,598.504384765625,,73.86464464673261,0.24241536469144895,733.0466918945312,-0.0722066517088713
2025-06-16,META,699.3300170898438,707.1500244140625,693.510009765625,702.1199951171875,699.8262939453125,13720300,0.525,0.0,yahoo,0.028981017530439246,601.9113916015625,,74.83944110519616,0.24165929091806101,733.0466918945312,-0.045318256417421265
2025-06-17,META,702.0,705.969970703125,696.0599975585938,697.22998046875,694.9522705078125,10066100,0.0,0.0,yahoo,-0.006964618905675013,605.7565496826172,,71.65824547170939,0.24245897430825844,733.0466918945312,-0.05196725093767929
2025-06-18,META,698.1799926757812,701.5900268554688,694.9000244140625,695.77001953125,693.4970092773438,10068300,0.0,0.0,yahoo,-0.002094044860671329,609.3431329345703,,70.4881208191133,0.24305412742726937,733.0466918945312,-0.05395247404360126
2025-06-20,META,700.75,701.8200073242188,678.6699829101562,682.3499755859375,680.1207885742188,22538600,0.0,0.0,yahoo,-0.019288072658112276,612.7777227783204,602.1046977233887,63.0019086014968,0.2544785228514635,733.0466918945312,-0.07219990746227567
2025-06-23,META,683.6900024414062,699.0499877929688,678.75,698.530029296875,696.2481689453125,11080100,0.0,0.0,yahoo,0.02371252377816968,615.0345355224609,603.044200592041,60.929670048504235,0.2628400636754651,733.0466918945312,-0.05019942570658675
2025-06-24,META,704.8900146484375,713.1900024414062,702.1099853515625,712.2000122070312,709.8734130859375,13823200,0.0,0.0,yahoo,0.019569522403577455,618.3502691650391,604.0469625854493,66.57099668473865,0.26753228770606824,733.0466918945312,-0.031612282089021226
2025-06-25,META,713.3200073242188,716.5800170898438,705.3800048828125,708.6799926757812,706.3648681640625,9320400,0.0,0.0,yahoo,-0.004942493770294543,621.6500128173828,605.0117196655274,58.79784777509493,0.26003022887147664,733.0466918945312,-0.03639853235202606
2025-06-26,META,714.3599853515625,728.219970703125,711.0499877929688,726.0900268554688,723.718017578125,13964800,0.0,0.0,yahoo,0.024566835351205407,625.5376446533203,606.145639038086,65.56559387345365,0.26023653156216775,733.0466918945312,-0.012725893752138284
2025-06-27,META,726.52001953125,735.4299926757812,725.8599853515625,733.6300048828125,731.2333374023438,18775700,0.0,0.0,yahoo,0.01038432046968829,629.7739776611328,607.2946855163574,64.09089381410261,0.2602179110652015,733.0466918945312,-0.0024737230414354494
2025-06-30,META,744.5499877929688,747.9000244140625,734.25,738.0900268554688,735.6788330078125,15402100,0.0,0.0,yahoo,0.006079448758806727,634.4818725585938,608.4659594726562,67.11695904231999,0.2597897636058324,735.6788330078125,0.0
2025-07-01,META,736.8800048828125,737.75,715.3699951171875,719.219970703125,716.8704223632812,13431200,0.0,0.0,yahoo,-0.025566061983370303,638.8301306152343,609.5082263183593,56.16869368967509,0.2826844714817158,735.6788330078125,-0.025566061983370303
2025-07-02,META,715.3300170898438,720.2999877929688,712.7999877929688,713.5700073242188,711.2389526367188,9336700,0.0,0.0,yahoo,-0.007855631298048893,643.4008038330078,610.4539450073243,57.22763971341021,0.262345602442546,735.6788330078125,-0.033220855724734766
2025-07-03,META,726.6099853515625,729.030029296875,714.4199829101562,719.010009765625,716.6611938476562,8601700,0.0,0.0,yahoo,0.0076236561437419414,647.7687817382813,611.4316418457031,59.16983349489161,0.2606088863032679,735.6788330078125,-0.025850463961838988
2025-07-07,META,717.5999755859375,727.0,713.510009765625,718.3499755859375,716.0032958984375,9457100,0.0,0.0,yahoo,-0.0009180041487757418,651.7254125976563,612.3605114746093,63.54129914300007,0.2403320314448249,735.6788330078125,-0.02674473727745008
2025-07-08,META,721.5700073242188,722.9099731445312,714.8099975585938,720.6699829101562,718.3156127929688,7770700,0.0,0.0,yahoo,0.0032294780034911597,655.4717297363281,613.2858291625977,58.030944676356604,0.23897247222384846,735.6788330078125,-0.023601630814705454
2025-07-09,META,722.719970703125,737.530029296875,722.719970703125,732.780029296875,730.38623046875,11418000,0.0,0.0,yahoo,0.016804058634961372,659.1781982421875,614.2633966064453,64.48535869695397,0.23708110210346356,735.6788330078125,-0.007194175367835176
2025-07-10,META,731.5499877929688,735.7999877929688,719.5999755859375,727.239990234375,724.8642578125,9913600,0.0,0.0,yahoo,-0.007560346055135891,662.7250268554687,615.1082095336914,62.41025930803859,0.23817037425726684,735.6788330078125,-0.014700130967608915
2025-07-11,META,722.5,725.1599731445312,709.7000122070312,717.510009765625,715.166015625,10873900,0.0,0.0,yahoo,-0.013379390807276681,665.9842700195312,615.8933456420898,64.28105610685827,0.24143512185073304,735.6788330078125,-0.027882842977751787
2025-07-14,META,717.5999755859375,728.0,716.5499877929688,720.9199829101562,718.56494140625,8939400,0.0,0.0,yahoo,0.004752638837682399,669.419853515625,616.680263671875,60.14676874542805,0.23703712069941962,735.6788330078125,-0.023262721222510385
2025-07-15,META,723.9000244140625,724.469970703125,709.8200073242188,710.3900146484375,708.0692749023438,11529500,0.0,0.0,yahoo,-0.014606427198307181,672.1831945800782,617.4200723266601,49.15568438437426,0.24374421301325763,735.6788330078125,-0.03752936317684641
2025-07-16,META,713.3699951171875,713.969970703125,699.27001953125,702.9099731445312,700.6136474609375,13067600,0.0,0.0,yahoo,-0.010529516963484253,674.30322265625,618.0978454589844,47.40438754035501,0.24033342186571582,735.6788330078125,-0.04766371407413139
2025-07-17,META,704.3900146484375,705.9000244140625,697.1099853515625,701.4099731445312,699.1185913085938,11803300,0.0,0.0,yahoo,-0.0021339238220121626,676.3485327148437,618.7704797363281,37.043285598278416,0.21874342474243472,735.6788330078125,-0.049695927161235165
2025-07-18,META,702.1900024414062,704.7100219726562,691.6500244140625,704.280029296875,701.979248046875,12779800,0.0,0.0,yahoo,0.004091804700725676,678.6892907714844,619.4598037719727,33.797164278098435,0.2176313321576241,735.6788330078125,-0.045807468488874736
2025-07-21,META,706.7999877929688,717.0,705.760009765625,712.969970703125,710.6408081054688,9404400,0.0,0.0,yahoo,0.012338769390538129,681.0140466308594,620.1671807861328,36.7510585317172,0.22112135090660015,735.6788330078125,-0.034033906888385146
2025-07-22,META,716.1900024414062,716.5999755859375,701.4099731445312,704.8099975585938,702.5075073242188,8921100,0.0,0.0,yahoo,-0.011445023545626265,683.1522326660156,620.8138568115235,41.43183171986711,0.2134769529064761,735.6788330078125,-0.045089411568324245
2025-07-23,META,706.3699951171875,714.6300048828125,704.9299926757812,713.5800170898438,711.2489624023438,8771600,0.0,0.0,yahoo,0.012443219448885712,685.575205078125,621.5224353027344,50.005757666824884,0.20205210215573127,735.6788330078125,-0.033207249562404284
2025-07-24,META,717.0499877929688,723.6199951171875,714.0,714.7999877929688,712.46484375,10920800,0.0,0.0,yahoo,0.0017095017524517697,687.0874816894532,622.187578125,47.463496230643166,0.19062243045658608,735.6788330078125,-0.03155451566127354
2025-07-25,META,716.9199829101562,720.6500244140625,711.9000244140625,712.6799926757812,710.3517456054688,8271700,0.0,0.0,yahoo,-0.0029658981254557792,688.2268347167969,622.7766818237304,46.642950940205765,0.1900672033306869,735.6788330078125,-0.034426826307879854
2025-07-28,META,715.2000122070312,724.739990234375,712.6799926757812,717.6300048828125,715.28564453125,8715700,0.0,0.0,yahoo,0.006945712397139037,689.3985339355469,623.4459359741211,48.25454532669041,0.1705637420164505,735.6788330078125,-0.027720232745021667
2025-07-29,META,720.0,724.469970703125,699.9099731445312,700.0,697.7131958007812,13267000,0.0,0.0,yahoo,-0.024567036770302475,690.5271350097656,623.9870101928711,32.300207577401764,0.18482995807141533,735.6788330078125,-0.05160626553819592
2025-07-30,META,708.0900268554688,708.5,691.2000122070312,695.2100219726562,692.9389038085938,27077300,0.0,0.0,yahoo,-0.006842771529794511,691.6307641601562,624.5160446166992,32.56400016800481,0.18297681537758836,735.6788330078125,-0.058095907183406625
2025-07-31,META,775.2000122070312,784.75,765.510009765625,773.4400024414062,770.913330078125,38831100,0.0,0.0,yahoo,0.11252713022888616,694.29208984375,625.4681600952149,67.43996969366003,0.4278217317148021,770.913330078125,0.0
2025-08-01,META,760.72998046875,766.0,745.3099975585938,750.010009765625,747.5598754882812,19028700,0.0,0.0,yahoo,-0.03029322970388526,696.55267578125,626.2730834960937,58.063967457118906,0.44233412997294763,770.913330078125,-0.03029322970388526
2025-08-04,META,760.0,776.8499755859375,758.4099731445312,776.3699951171875,773.833740234375,15801700,0.0,0.0,yahoo,0.03514616769517298,699.3706115722656,627.2070397949219,66.8144800984008,0.45623120641102655,773.833740234375,0.0
2025-08-05,META,776.4500122070312,783.1300048828125,763.0,763.4600219726562,760.9659423828125,11640300,0.0,0.0,yahoo,-0.016628633752342137,701.9098767089844,628.0972882080079,65.01516075502504,0.46159501533115116,773.833740234375,-0.016628633752342137
2025-08-06,META,770.0,773.6400146484375,760.4600219726562,771.989990234375,769.4680786132812,9733900,0.0,0.0,yahoo,0.011172820959432173,704.8086193847656,629.0771762084961,66.91270121695686,0.46240189852054897,773.833740234375,-0.005641601540624874
2025-08-07,META,773.489990234375,775.0,759.5499877929688,761.8300170898438,759.3411865234375,9019700,0.0,0.0,yahoo,-0.013160899550367589,707.2008544921875,630.0057336425781,63.324832145492245,0.463324185062119,773.833740234375,-0.01872825253981314
2025-08-08,META,762.75,769.9000244140625,758.5800170898438,769.2999877929688,766.7868041992188,7320800,0.0,0.0,yahoo,0.009805365240189712,709.7169030761719,630.9738061523437,63.11647261598269,0.46260118461446065,773.833740234375,-0.009106524656086856
2025-08-11,META,770.0800170898438,773.4600219726562,764.6699829101562,765.8699951171875,763.3680419921875,7612000,0.0,0.0,yahoo,-0.00445855639182724,712.1352954101562,631.9312976074219,64.53809280396197,0.459627985540377,773.833740234375,-0.013524479094201403
2025-08-12,META,773.0,793.6699829101562,772.4299926757812,790.0,787.419189453125,14563100,0.0,0.0,yahoo,0.03150662084067646,714.9861071777344,632.974990234375,66.95507216251136,0.46978516714505186,787.419189453125,0.0
2025-08-13,META,791.1500244140625,795.4600219726562,778.22998046875,780.0800170898438,777.5316772460938,8811800,0.0,0.0,yahoo,-0.012556859598377712,717.1728576660156,634.0603219604492,63.945163017870605,0.46877288665565575,787.419189453125,-0.012556859598377712
2025-08-14,META,777.8800048828125,787.8099975585938,772.510009765625,782.1300048828125,779.5748901367188,8116200,0.0,0.0,yahoo,0.0026278194836533153,719.4811450195313,635.1355358886718,64.84039165008795,0.4655341826522999,787.419189453125,-0.009962037275030422
2025-08-15,META,784.1500244140625,796.25,780.8200073242188,785.22998046875,782.664794921875,13375400,0.0,0.0,yahoo,0.003963576590588103,721.4309326171875,636.1990060424805,64.56018722464056,0.46475473548983043,787.419189453125,-0.006037945982180104
2025-08-18,META,775.0900268554688,775.8099975585938,756.5599975585938,767.3699951171875,764.8631591796875,16513700,0.0,0.0,yahoo,-0.022744904150140632,723.0910192871094,637.1490591430664,64.49630261503583,0.4751636725988455,787.419189453125,-0.028645517629692252
2025-08-19,META,767.1199951171875,767.1699829101562,749.3599853515625,751.47998046875,749.0250244140625,12286700,0.0,0.0,yahoo,-0.02070714816832242,724.1735974121094,637.9447528076172,61.55583316712689,0.48203529379617205,787.419189453125,-0.048759498820098446
2025-08-20,META,747.5700073242188,750.2000122070312,731.0,747.719970703125,745.2772827148438,11898200,0.0,0.0,yahoo,-0.005003493310721474,725.2539282226562,638.7290661621093,42.390507596611265,0.48012800995569044,787.419189453125,-0.053519024304639395
2025-08-21,META,744.7100219726562,745.5,733.1099853515625,739.0999755859375,736.6854248046875,8876300,0.0,0.0,yahoo,-0.011528404406556447,725.9962939453125,639.5908270263672,46.46212561978876,0.48151381069749655,787.419189453125,-0.06443043975556773
2025-08-22,META,739.22998046875,756.9000244140625,734.3900146484375,754.7899780273438,752.32421875,10612700,0.0,0.0,yahoo,0.021228591497461258,727.2159692382812,640.5328704833985,42.48187733333334,0.48604423265327457,787.419189453125,-0.044569615743679014
2025-08-25,META,754.8200073242188,758.8800048828125,750.1300048828125,753.2999877929688,750.839111328125,6861200,0.0,0.0,yahoo,-0.0019740258054466997,728.4214782714844,641.4997027587891,46.15442024497788,0.4859023857659303,787.419189453125,-0.04645565997750889
2025-08-26,META,750.7999877929688,754.8699951171875,747.9400024414062,754.0999755859375,751.636474609375,7601800,0.0,0.0,yahoo,0.0010619629015322651,729.8518908691407,642.4121081542969,42.807730693084906,0.4857384182683437,787.419189453125,-0.04544303126343885
2025-08-27,META,752.2999877929688,754.1500244140625,742.8400268554688,747.3800048828125,744.9384765625,8315400,0.0,0.0,yahoo,-0.0089112200819631,730.7541345214844,643.2929125976563,44.02549672328217,0.4775879885662616,787.419189453125,-0.05394929849262187
2025-08-28,META,744.0,753.0499877929688,740.7999877929688,751.1099853515625,748.6563110351562,7468000,0.0,0.0,yahoo,0.004990793991219489,731.8282153320313,644.0946179199219,42.239124323454384,0.4761050789478829,787.419189453125,-0.0492277543361499
2025-08-29,META,745.280029296875,747.1400146484375,735.3499755859375,738.7000122070312,736.286865234375,9070500,0.0,0.0,yahoo,-0.016522195323082522,732.6840124511718,644.8462088012695,39.23279496256577,0.2718555511703669,787.419189453125,-0.06493659908677385
2025-09-02,META,726.0399780273438,736.0,721.72998046875,735.1099853515625,732.7085571289062,9350900,0.0,0.0,yahoo,-0.004859937443444262,733.7357678222656,645.610581665039,24.017804192147537,0.25211919719166936,787.419189453125,-0.06948094872086641
2025-09-03,META,736.0,740.25,733.989990234375,737.0499877929688,734.6422119140625,7699300,0.0,0.0,yahoo,0.0026390503650361996,734.5036486816406,646.3764199829102,27.96721079144224,0.21626124703450422,787.419189453125,-0.06702526207891502
2025-09-04,META,748.5700073242188,761.1599731445312,745.8200073242188,748.6500244140625,746.204345703125,11439100,0.0,0.0,yahoo,0.015738455538701013,735.2302673339843,647.2240307617187,34.3843841270766,0.21845286877497613,787.419189453125,-0.052341680647412625
2025-09-05,META,752.6199951171875,757.9500122070312,745.030029296875,752.4500122070312,749.9918823242188,9663400,0.0,0.0,yahoo,0.005075736482779147,736.1028076171875,648.1046984863282,34.81001487464381,0.21522461790463482,787.419189453125,-0.04753161674266548
2025-09-08,META,756.0,766.510009765625,752.02001953125,752.2999877929688,749.8423461914062,13087800,0.0,0.0,yahoo,-0.00019938366845928535,736.6252941894531,649.0993585205078,41.64539833397495,0.2107342399024079,787.419189453125,-0.04772152338301083
2025-09-09,META,757.489990234375,766.2999877929688,753.4299926757812,765.7000122070312,763.1986083984375,10999000,0.0,0.0,yahoo,0.01781209380194415,737.264599609375,650.1592083740235,58.10719851639175,0.21739520289932862,787.419189453125,-0.03075944983193646
2025-09-10,META,765.1300048828125,765.7000122070312,751.0,751.97998046875,749.5234375,12478300,0.0,0.0,yahoo,-0.017918233534433003,737.5414916992188,651.1174240112305,52.18107202312464,0.22561322864671826,787.419189453125,-0.04812652836089015
2025-09-11,META,754.6500244140625,757.0999755859375,748.3699951171875,750.9000244140625,748.447021484375,7923300,0.0,0.0,yahoo,-0.0014361338975807936,738.1730236816406,652.0482342529297,56.54690963252071,0.19267838920614214,787.419189453125,-0.04949354611971901
2025-09-12,META,748.72998046875,757.5700073242188,743.760009765625,755.5900268554688,753.1216430664062,8248600,0.0,0.0,yahoo,0.006245761487246204,739.0106774902343,653.0144982910156,50.50558601927922,0.1911237877905552,787.419189453125,-0.04355690951669455
2025-09-15,META,757.469970703125,774.0700073242188,751.989990234375,764.7000122070312,762.201904296875,10533800,0.0,0.0,yahoo,0.012056832138693574,739.9214916992188,654.0458001708985,56.57138984429271,0.1963766468415557,787.419189453125,-0.03202523572452409
2025-09-16,META,767.0,781.3599853515625,765.0999755859375,779.0,776.4552001953125,11782500,0.0,0.0,yahoo,0.018700157816564422,741.1305297851562,655.1186898803711,62.420233529590725,0.20739559980139916,787.419189453125,-0.01392395487012088
2025-09-17,META,779.989990234375,783.2899780273438,766.3099975585938,775.719970703125,773.1858520507812,9400900,0.0,0.0,yahoo,-0.004210607571059954,742.2279345703125,656.1333239746094,64.63839938359973,0.19144444944179928,787.419189453125,-0.01807593413138564
2025-09-18,META,780.75,788.780029296875,773.3599853515625,780.25,777.7010498046875,10955000,0.0,0.0,yahoo,0.005839731471974252,743.1742309570312,657.1921096801758,64.92824002183386,0.17568144710462946,787.419189453125,-0.012341761260843631
2025-09-19,META,786.4199829101562,790.7999877929688,769.1900024414062,778.3800048828125,775.8372192382812,23696800,0.0,0.0,yahoo,-0.0023965900095856973,744.1936901855469,658.2161224365234,72.78887497001894,0.17462922320966034,787.419189453125,-0.01470877312869101
2025-09-22,META,781.8499755859375,785.72998046875,764.469970703125,765.1599731445312,763.1751098632812,11706900,0.525,0.0,yahoo,-0.016320574807472732,745.1538720703124,659.0848043823243,65.89127444987776,0.18000390854136408,787.419189453125,-0.030789292303990745
2025-09-23,META,769.25,770.5999755859375,751.0700073242188,755.4000244140625,753.4404907226562,10872600,0.0,0.0,yahoo,-0.012755420105837745,745.8513830566407,659.8013082885742,59.06724737998941,0.17197232171240298,787.419189453125,-0.043151982051729654
2025-09-24,META,757.5,761.1099853515625,752.530029296875,760.6599731445312,758.686767578125,8828200,0.0,0.0,yahoo,0.006963093860852698,746.8637329101563,660.5433978271484,56.411468613548756,0.17337784339132287,787.419189453125,-0.036489359492185014
2025-09-25,META,753.4500122070312,756.77001953125,744.5499877929688,748.9099731445312,746.9672241210938,10591100,0.0,0.0,yahoo,-0.015447143614277459,747.7908044433593,661.251000366211,48.5634692871844,0.18198448109699816,787.419189453125,-0.05137284672999365
2025-09-26,META,750.0,751.9299926757812,737.3499755859375,743.75,741.8206176757812,9696300,0.0,0.0,yahoo,-0.006890003040452286,748.6448449707032,661.8590948486328,46.36280512441869,0.1809016529694397,787.419189453125,-0.0579088907002796
2025-09-29,META,748.719970703125,750.780029296875,739.1500244140625,743.4000244140625,741.4716186523438,9246800,0.0,0.0,yahoo,-0.00047046282500340375,749.4346923828125,662.51615234375,38.83118276668522,0.17993746505504596,787.419189453125,-0.058352109544971276
2025-09-30,META,742.25,742.969970703125,726.2999877929688,734.3800048828125,732.4749145507812,16226800,0.0,0.0,yahoo,-0.012133578515000187,749.8713745117187,663.0996408081055,40.79332401205306,0.17557156274092856,787.419189453125,-0.0697776681572917
2025-10-01,META,721.489990234375,721.8499755859375,710.2000122070312,717.3400268554688,715.4791870117188,20419600,0.0,0.0,yahoo,-0.02320315303833409,750.1308081054688,663.531732788086,34.80844940968545,0.19241162451464947,787.419189453125,-0.09136175928271406
2025-10-02,META,722.5800170898438,727.77001953125,718.1400146484375,727.0499877929688,725.1639404296875,11415300,0.0,0.0,yahoo,0.013536037936223266,750.4091076660156,664.021644897461,37.68570548324154,0.19865446970217707,787.419189453125,-0.07906239758606182
2025-10-03,META,729.6300048828125,731.0,710.1799926757812,710.5599975585938,708.7167358398438,16154300,0.0,0.0,yahoo,-0.02268067077369862,750.3341455078125,664.4812219238281,27.87752194194894,0.2035003304984566,787.419189453125,-0.09994988014953177
2025-10-06,META,705.1900024414062,716.8800048828125,690.510009765625,715.6599731445312,713.8035278320312,21654700,0.0,0.0,yahoo,0.007177468422781885,750.4031811523438,664.9443905639648,21.959830265031968,0.20459692773327307,787.419189453125,-0.093489798835384
2025-10-07,META,717.719970703125,718.5,705.75,713.0800170898438,711.230224609375,12062900,0.0,0.0,yahoo,-0.0036050581460025377,750.3220727539062,665.4185751342774,22.097506348341568,0.20450215493434665,787.419189453125,-0.09675782082052686
2025-10-08,META,713.4500122070312,719.6500244140625,707.8099975585938,717.8400268554688,715.9779052734375,10790600,0.0,0.0,yahoo,0.006675307797373353,750.6873669433594,666.0272009277344,22.26029576670463,0.19397721954717836,787.419189453125,-0.09072840125893378
2025-10-09,META,718.280029296875,733.510009765625,712.4400024414062,733.510009765625,731.6072387695312,12717200,0.0,0.0,yahoo,0.021829351689455878,751.4607336425781,666.7220333862305,32.31078902633473,0.20398102107499055,787.419189453125,-0.07087959174878122
2025-10-10,META,730.9199829101562,735.27001953125,704.510009765625,705.2999877929688,703.4703979492188,16980100,0.0,0.0,yahoo,-0.03845894262560201,750.111875,667.3275277709961,28.751922358440567,0.24165189528759246,787.419189453125,-0.10661258022199083
2025-10-13,META,713.010009765625,719.9400024414062,707.6400146484375,715.7000122070312,713.8433837890625,9251800,0.0,0.0,yahoo,0.014745447527121813,749.4375451660156,667.9122467041016,35.971680378010134,0.24740197862340643,787.419189453125,-0.09343918290226338
2025-10-14,META,707.780029296875,715.5499877929688,699.3300170898438,708.6500244140625,706.811767578125,8829800,0.0,0.0,yahoo,-0.009850362657441547,748.0971057128907,668.4225012207031,31.851492801838077,0.24283477534086137,787.419189453125,-0.10236913572170259
2025-10-15,META,717.0599975585938,723.9000244140625,709.510009765625,717.5499877929688,715.6885986328125,10246800,0.0,0.0,yahoo,0.012558974626446506,747.1915588378906,668.9990319824219,38.83507371475755,0.23662134078710295,787.419189453125,-0.09109581247331622
2025-10-16,META,717.5499877929688,725.489990234375,703.8800048828125,712.0700073242188,710.2228393554688,9017000,0.0,0.0,yahoo,-0.007637063504693287,746.0066540527343,669.5658465576172,38.74679161681645,0.2369997692971574,787.419189453125,-0.09803717147313917
2025-10-17,META,707.0800170898438,718.5399780273438,706.1199951171875,716.9199829101562,715.0602416992188,12232400,0.0,0.0,yahoo,0.00681110501619453,745.12103515625,670.1994879150391,40.88526987962567,0.2375275888742947,787.419189453125,-0.09189380792733881
2025-10-20,META,721.1900024414062,733.77001953125,720.1799926757812,732.1699829101562,730.2706909179688,8900200,0.0,0.0,yahoo,0.02127156333374791,744.390712890625,670.9376901245117,49.270591637959456,0.25303823073873266,787.419189453125,-0.07257696954889659
2025-10-21,META,736.02001953125,738.5,728.75,733.27001953125,731.3678588867188,7647300,0.0,0.0,yahoo,0.0015024127113343333,743.7507092285156,671.6130661010742,55.87606982302267,0.24849153360443962,787.419189453125,-0.07118359739916269
2025-10-22,META,733.8300170898438,740.5999755859375,724.030029296875,733.4099731445312,731.5074462890625,8734500,0.0,0.0,yahoo,0.00019085799389140234,742.6324743652344,672.2623223876953,52.524216762244876,0.24539820442880095,787.419189453125,-0.07100632536386886
2025-10-23,META,734.7000122070312,742.4099731445312,733.0999755859375,734.0,732.095947265625,9856000,0.0,0.0,yahoo,0.0008045044237730004,741.723759765625,672.7872998046874,60.64682864622159,0.24370962868047993,787.419189453125,-0.07025894584296688
2025-10-24,META,736.7899780273438,741.2100219726562,731.1500244140625,738.3599853515625,736.444580078125,9151300,0.0,0.0,yahoo,0.005939976622930443,740.8611535644532,673.3952673339844,60.38046200556869,0.23960783576855021,787.419189453125,-0.06473630571589528
2025-10-27,META,749.72998046875,755.75,748.010009765625,750.8200073242188,748.872314453125,11321100,0.0,0.0,yahoo,0.016875315144123437,740.1853039550781,674.1010479736328,65.82790532945289,0.24576828584632238,787.419189453125,-0.04895343613199399
2025-10-28,META,752.6300048828125,758.4000244140625,745.52001953125,751.4400024414062,749.49072265625,12193800,0.0,0.0,yahoo,0.0008257859066089779,739.8778552246093,674.7843469238281,64.59855916485162,0.2457404479402392,787.419189453125,-0.048168075283022915
2025-10-29,META,754.75,759.1599731445312,742.510009765625,751.6699829101562,749.7201538085938,26818600,0.0,0.0,yahoo,0.00030611606709496364,739.8917578125,675.5062579345703,59.11283428240138,0.2413400218466006,787.419189453125,-0.04787670423769308
2025-10-30,META,669.1500244140625,680.9600219726562,650.1699829101562,666.469970703125,664.7410888671875,88440100,0.0,0.0,yahoo,-0.11334771315631686,738.2810339355469,675.8733270263672,37.604524515279344,0.4596059678718943,787.419189453125,-0.15579770245520608
2025-10-31,META,674.510009765625,674.8900146484375,645.5700073242188,648.3499755859375,646.6680908203125,56953200,0.0,0.0,yahoo,-0.02718802605939996,736.4806872558594,676.0362442016601,29.51018049509183,0.462703187387693,787.419189453125,-0.1787498965202592
2025-11-03,META,656.0,659.3300170898438,636.1799926757812,637.7100219726562,636.0557861328125,33003600,0.0,0.0,yahoo,-0.01641074430321443,734.1553186035156,676.1750564575195,28.87935023812213,0.4601894260496956,787.419189453125,-0.19222722197745368
2025-11-04,META,628.0399780273438,641.739990234375,626.010009765625,627.3200073242188,625.6926879882812,27356600,0.0,0.0,yahoo,-0.016292750369489406,731.6523901367187,676.254739074707,23.37250035304855,0.4597299295401015,787.419189453125,-0.20538806220504402
2025-11-05,META,632.3099975585938,642.22998046875,626.5399780273438,635.9500122070312,634.30029296875,20219900,0.0,0.0,yahoo,0.013756921162278335,729.3056665039062,676.3591003417969,27.94646653076697,0.46469648973975236,787.419189453125,-0.19445664842219357
2025-11-06,META,635.8499755859375,636.0,618.0,618.9400024414062,617.3344116210938,23628800,0.0,0.0,yahoo,-0.02674739636056278,726.7535852050781,676.3436053466797,23.481664033283323,0.46851948946997435,787.419189453125,-0.21600283573246137
2025-11-07,META,616.489990234375,622.1300048828125,601.2000122070312,621.7100219726562,620.0972290039062,29946800,0.0,0.0,yahoo,0.004475398310548551,724.1824035644531,676.277492980957,17.938016076800324,0.4590136076474111,787.419189453125,-0.2124941361480236
2025-11-10,META,631.0900268554688,635.0,618.1099853515625,631.760009765625,630.1211547851562,19245000,0.0,0.0,yahoo,0.016165087203101836,722.0590893554687,676.2065719604492,21.99106186454071,0.45141576954924206,787.419189453125,-0.19976403518590236
2025-11-11,META,628.0,629.5599975585938,619.3900146484375,627.0800170898438,625.453369140625,13302200,0.0,0.0,yahoo,-0.007407758982671764,719.9139855957031,676.050666809082,21.378227956858893,0.44580499719861333,787.419189453125,-0.20569199034251096
2025-11-12,META,628.1300048828125,628.989990234375,607.77001953125,609.010009765625,607.43017578125,24493300,0.0,0.0,yahoo,-0.0288162063690518,717.3697448730469,675.7327508544922,19.249136727646757,0.4527228703280947,787.419189453125,-0.22858093386939193
2025-11-13,META,613.0700073242188,617.6500244140625,603.0,609.8900146484375,608.3079223632812,20973800,0.0,0.0,yahoo,0.0014450164266244236,714.61181640625,675.4084771728516,17.84234932910404,0.4483571744716443,787.419189453125,-0.22746622064702204
2025-11-14,META,601.7899780273438,613.6799926757812,595.2000122070312,609.4600219726562,607.8790283203125,20724100,0.0,0.0,yahoo,-0.0007050607549257126,711.7695593261719,675.0297674560547,12.348205193067741,0.4489358358946308,787.419189453125,-0.2280109038966982
2025-11-17,META,609.0399780273438,611.6900024414062,595.4000244140625,602.010009765625,600.4483032226562,16501300,0.0,0.0,yahoo,-0.012224019503006667,708.7816784667968,674.6030575561523,11.596006719842876,0.4464043168308645,787.419189453125,-0.23744771366357353
2025-11-18,META,591.5999755859375,603.6599731445312,583.780029296875,597.6900024414062,596.1395874023438,25500600,0.0,0.0,yahoo,-0.00717583145324463,705.440498046875,674.1136077880859,11.241449676470907,0.43368931168055874,787.419189453125,-0.24291966034461
2025-11-19,META,593.719970703125,595.3300170898438,581.25,590.3200073242188,588.7886352539062,24744700,0.0,0.0,yahoo,-0.012330924340168359,702.2258020019531,673.5539184570313,18.483581085564552,0.43201637103404583,787.419189453125,-0.25225516073232956
2025-11-20,META,603.5,606.719970703125,583.3499755859375,589.1500244140625,587.6217651367188,20603000,0.0,0.0,yahoo,-0.0019818149456711787,699.009296875,672.9850115966797,21.500129328604842,0.4314422362914214,787.419189453125,-0.25373705263033874
2025-11-21,META,588.5,598.1199951171875,581.8599853515625,594.25,592.70849609375,21052600,0.0,0.0,yahoo,0.008656471320199977,695.8010339355469,672.4061135864258,27.89868151784782,0.434764819190699,787.419189453125,-0.2472770488291054
2025-11-24,META,598.719970703125,616.7000122070312,597.6300048828125,613.0499877929688,611.459716796875,23554900,0.0,0.0,yahoo,0.03163649724393203,692.7861901855468,671.9083840942383,43.314907687341574,0.455000089357302,787.419189453125,-0.22346353125894303
2025-11-25,META,624.0,637.0499877929688,618.2999877929688,636.219970703125,634.569580078125,25213000,0.0,0.0,yahoo,0.03779458016026105,689.9484777832031,671.5118740844727,50.11131676735301,0.4749767283529801,787.419189453125,-0.19411466144374312
2025-11-26,META,637.6900024414062,638.3599853515625,631.6300048828125,633.6099853515625,631.9664306640625,15209500,0.0,0.0,yahoo,-0.004102228495954763,687.1240893554688,671.0904077148438,56.86352540893821,0.47420650077733706,787.419189453125,-0.19742058724404077
2025-11-28,META,636.0800170898438,648.0499877929688,635.5,647.9500122070312,646.2691650390625,11033200,0.0,0.0,yahoo,0.022632110949264872,684.4954516601563,670.7126919555664,61.07736415148054,0.48510335775249613,787.419189453125,-0.17925652092895195
2025-12-01,META,639.5499877929688,645.3200073242188,637.760009765625,640.8699951171875,639.2075805664062,13029900,0.0,0.0,yahoo,-0.010926692552675643,681.7628588867187,670.2838467407227,53.944782792106615,0.29263650018640364,787.419189453125,-0.18822453258937477
2025-12-02,META,642.3400268554688,647.8699951171875,638.0700073242188,647.0999755859375,645.4213256835938,11640900,0.0,0.0,yahoo,0.009721012869843504,679.407783203125,669.845719909668,58.5540693110883,0.2797837269574793,787.419189453125,-0.18033325282325285
2025-12-03,META,644.4099731445312,648.8499755859375,637.5499877929688,639.5999755859375,637.9408569335938,11134300,0.0,0.0,yahoo,-0.011590055135034638,677.0977905273437,669.47119140625,64.36832620024202,0.27669022878112126,787.419189453125,-0.1898332356153859
2025-12-04,META,676.0,676.0999755859375,660.0499877929688,661.530029296875,659.81396484375,29874600,0.0,0.0,yahoo,0.03428704663202531,675.1203344726563,669.268717956543,70.25105913849217,0.293474449442144,787.419189453125,-0.1620550099852136
2025-12-05,META,664.0,674.6900024414062,662.3900146484375,673.4199829101562,671.673095703125,21207900,0.0,0.0,yahoo,0.01797344629130926,673.6144519042969,669.1699710083008,73.01389902968373,0.29583131675203167,787.419189453125,-0.14699425071211114
2025-12-08,META,669.3400268554688,676.7100219726562,665.0700073242188,666.7999877929688,665.0702514648438,13161000,0.0,0.0,yahoo,-0.009830443232759278,672.0794445800781,669.0943826293945,73.45264707993206,0.27984626384660405,787.419189453125,-0.15537967530770302
2025-12-09,META,663.77001953125,664.47998046875,653.3400268554688,656.9600219726562,655.2557983398438,12997100,0.0,0.0,yahoo,-0.014757017177333132,670.3551281738281,669.0464425659179,70.63006294495128,0.28701334136163525,787.419189453125,-0.167843751947512
2025-12-10,META,649.9500122070312,654.510009765625,643.4000244140625,650.1300048828125,648.4434814453125,16910900,0.0,0.0,yahoo,-0.010396423674221444,668.6744995117188,669.0173291015625,70.8965917123025,0.28615759250000095,787.419189453125,-0.17649520086541615
2025-12-11,META,643.2899780273438,655.280029296875,640.7999877929688,652.7100219726562,651.016845703125,13056700,0.0,0.0,yahoo,0.003968525139734114,667.3852526855469,668.9204809570313,71.99008158220444,0.2843941359594659,787.419189453125,-0.17322710136735886
2025-12-12,META,649.7999877929688,711.0,638.6099853515625,644.22998046875,642.558837890625,14016900,0.0,0.0,yahoo,-0.012991995319821537,665.7331506347656,668.8582629394531,66.89658910456444,0.2675295168007754,787.419189453125,-0.18396853099694943
2025-12-15,META,645.7000122070312,653.0,638.7000122070312,647.510009765625,646.3570556640625,15549100,0.525,0.0,yahoo,0.005911081677603569,664.48595703125,668.7654809570313,63.16254986389872,0.2676887656102414,787.419189453125,-0.1791449023321776
2025-12-16,META,643.5,662.5399780273438,643.2000122070312,657.1500244140625,655.9799194335938,14309100,0.0,0.0,yahoo,0.014887845170413971,663.3294848632812,668.7862399291993,58.99020011368873,0.27038571632437136,787.419189453125,-0.16692413873075396
2025-12-17,META,655.6099853515625,661.22998046875,649.2000122070312,649.5,648.343505859375,15598500,0.0,0.0,yahoo,-0.0116412306962268,662.0717504882813,668.8436965942383,56.59784617533341,0.2699585613834176,787.419189453125,-0.17662216701924704
2025-12-18,META,657.030029296875,670.5599975585938,656.4600219726562,664.4500122070312,663.266845703125,20260300,0.0,0.0,yahoo,0.023017643747305305,661.017529296875,668.8938247680665,56.81379778760152,0.2747146966708268,787.419189453125,-0.1576699493902679
2025-12-19,META,666.4199829101562,671.0,658.1799926757812,658.77001953125,657.5969848632812,49977100,0.0,0.0,yahoo,-0.008548385731286134,659.53732421875,669.0576019287109,57.45487368193938,0.2719659192961349,787.419189453125,-0.1648705115759337
2025-12-22,META,661.6500244140625,673.5800170898438,656.6500244140625,661.5,660.3221435546875,15659400,0.0,0.0,yahoo,0.004144116767768935,658.6743591308593,669.2462991333008,56.21646809583345,0.27069147956049183,787.419189453125,-0.16140963745969716
2025-12-23,META,660.0499877929688,666.0,658.25,664.9400024414062,663.7559814453125,8486800,0.0,0.0,yahoo,0.005200246461734226,657.6726110839844,669.5898352050781,61.14614600105939,0.27048166064036533,787.419189453125,-0.1570487608940525
2025-12-24,META,662.530029296875,668.1799926757812,662.2000122070312,667.5499877929688,666.361328125,5627500,0.0,0.0,yahoo,0.003925157365835652,656.8636022949219,669.9079873657226,53.39118075506818,0.25328471077566334,787.419189453125,-0.15374004462883561
2025-12-26,META,668.0599975585938,668.9500122070312,661.3200073242188,663.2899780273438,662.1089477539062,7133800,0.0,0.0,yahoo,-0.006381493330441357,655.7920092773437,670.1359686279297,44.62255740036225,0.22404927236190025,787.419189453125,-0.1591404468898563
2025-12-29,META,658.010009765625,660.25,654.3900146484375,658.6900024414062,657.5171508789062,8506500,0.0,0.0,yahoo,-0.0069351077199256705,654.7378955078125,670.4848794555664,45.65501027348682,0.2252521132695419,787.419189453125,-0.16497189846800375
2025-12-30,META,658.6900024414062,672.219970703125,657.8400268554688,665.9500122070312,664.7642211914062,9187500,0.0,0.0,yahoo,0.011021872665698318,653.7319750976562,670.7829531860351,55.636292592565795,0.21520914966438487,787.419189453125,-0.1557683250606383
2025-12-31,META,664.75,665.0,659.4400024414062,660.0900268554688,658.9146118164062,7940400,0.0,0.0,yahoo,-0.008799524987244678,652.304853515625,671.0652243041992,56.27861459782743,0.21379154789450552,787.419189453125,-0.16319716277929064
2026-01-02,META,662.72998046875,664.3900146484375,643.5,650.4099731445312,649.2518310546875,13726500,0.0,0.0,yahoo,-0.014664693404023543,650.6625329589843,671.4114273071289,49.02460249465383,0.21865700638343338,787.419189453125,-0.17546861982674933
2026-01-05,META,651.010009765625,664.5399780273438,647.75,658.7899780273438,657.616943359375,12213700,0.0,0.0,yahoo,0.012884233674164136,649.1847229003906,671.7909899902344,58.330091947316674,0.21822348247100246,787.419189453125,-0.16484516485291612
2026-01-06,META,659.5700073242188,665.52001953125,651.9000244140625,660.6199951171875,659.4436645507812,11074400,0.0,0.0,yahoo,0.0027777891215432504,647.7316772460938,672.1700253295899,57.40089896979525,0.1831141211543102,787.419189453125,-0.1625252808370402
2026-01-07,META,655.6400146484375,659.1500244140625,644.8099975585938,648.6900024414062,647.534912109375,12846300,0.0,0.0,yahoo,-0.01805878664331184,645.9534838867188,672.438473815918,45.34444505009762,0.1811729524719813,787.419189453125,-0.17764905810957166
2026-01-08,META,645.8800048828125,647.0999755859375,635.719970703125,646.0599975585938,644.9096069335938,11921700,0.0,0.0,yahoo,-0.004054306766610005,643.8742297363282,672.5812512207032,47.996256135599694,0.178990344333497,787.419189453125,-0.18098312109780612
2026-01-09,META,645.4400024414062,654.9500122070312,642.8499755859375,653.0599975585938,651.8971557617188,11634900,0.0,0.0,yahoo,0.010834927489062007,641.9223583984375,672.7218167114257,42.6884228226116,0.17687714744049904,787.419189453125,-0.17210913260258287
2026-01-12,META,652.530029296875,653.969970703125,641.22998046875,641.969970703125,640.8268432617188,14797200,0.0,0.0,yahoo,-0.016981685534529944,639.7444921875,672.8833715820313,39.915939863090315,0.1830310849853574,787.419189453125,-0.18616811496963515
2026-01-13,META,642.27001953125,642.27001953125,624.0999755859375,631.0900268554688,629.96630859375,18030400,0.0,0.0,yahoo,-0.016947689976109848,639.0489965820312,673.0324545288086,33.37342743747192,0.19077560986023753,787.419189453125,-0.19996068544980283
2026-01-14,META,626.5,628.4500122070312,614.8200073242188,615.52001953125,614.4240112304688,15527900,0.0,0.0,yahoo,-0.02467163267504846,638.4041149902343,673.2325048828125,26.144059767430733,0.2035094718405903,787.419189453125,-0.21969896154398283
2026-01-15,META,618.47998046875,624.1699829101562,614.22998046875,620.7999877929688,619.694580078125,13076100,0.0,0.0,yahoo,0.008578064579704892,638.0768908691406,673.46080078125,28.0,0.20502829473018516,787.419189453125,-0.21300548884449633
2026-01-16,META,624.1799926757812,629.0800170898438,620.0800170898438,620.25,619.1455688476562,17012500,0.0,0.0,yahoo,-0.0008859384092072542,637.9459484863281,673.6383456420898,29.013061232278133,0.19580471803977975,787.419189453125,-0.21370271750976433
2026-01-20,META,607.8800048828125,611.4000244140625,600.0,604.1199951171875,603.0443115234375,15169600,0.0,0.0,yahoo,-0.026005608590861984,637.3208288574219,673.7456927490234,26.08047298583027,0.20990696017834184,787.419189453125,-0.23415085687426385
2026-01-21,META,606.739990234375,618.27001953125,600.0800170898438,612.9600219726562,611.8685913085938,14494700,0.0,0.0,yahoo,0.014632887860037913,637.2115124511719,674.1576559448242,27.090369433594375,0.1983209203339601,787.419189453125,-0.22294427224519875
2026-01-22,META,629.3499755859375,660.5700073242188,626.5499877929688,647.6300048828125,646.476806640625,21394700,0.0,0.0,yahoo,0.05656151635110929,637.7391040039063,674.876568145752,45.687388180140914,0.2869568477980564,787.419189453125,-0.1789928219940724
2026-01-23,META,644.77001953125,666.489990234375,644.4500122070312,658.760009765625,657.5870361328125,22797700,0.0,0.0,yahoo,0.017185812975907266,638.2884216308594,675.5936640930175,52.86137888608961,0.2931955007169235,787.419189453125,-0.1648831461809852
2026-01-26,META,665.1300048828125,675.280029296875,661.2899780273438,672.3599853515625,671.1627197265625,16327400,0.0,0.0,yahoo,0.02064469469104324,639.2026086425781,676.4075212097168,54.489497520332144,0.3014372890320565,787.419189453125,-0.14764241370254694
2026-01-27,META,674.5900268554688,676.8200073242188,664.6599731445312,672.969970703125,671.7716674804688,13297400,0.0,0.0,yahoo,0.000907302709176605,640.4894384765626,676.8493418884277,54.11913939023147,0.3012114082783585,787.419189453125,-0.14686906735531202
2026-01-28,META,674.5,677.6799926757812,666.0999755859375,668.72998046875,667.5391845703125,25709600,0.0,0.0,yahoo,-0.006300478443859503,641.6740637207031,677.4666041564941,57.04541135743957,0.30118803274334677,787.419189453125,-0.15224420040622966
2026-01-29,META,737.4299926757812,744.0,712.5499877929688,738.3099975585938,736.995361328125,59852900,0.0,0.0,yahoo,0.10404808940544918,644.2563903808593,678.4446925354003,72.05144552416749,0.4664377463071514,787.419189453125,-0.06403682917610898
2026-01-30,META,727.5,732.1699829101562,713.5900268554688,716.5,715.2241821289062,23744600,0.0,0.0,yahoo,-0.029540456211264776,646.5519079589844,679.3741313171387,64.16197626417016,0.48167862402301737,787.419189453125,-0.0916856082391887
2026-02-02,META,714.5999755859375,721.2999877929688,703.52001953125,706.4099731445312,705.152099609375,14365200,0.0,0.0,yahoo,-0.014082413278520778,648.732158203125,680.302808380127,64.44972700716437,0.48377828205130596,787.419189453125,-0.10447686689079272
2026-02-03,META,707.3699951171875,717.0,686.4099731445312,691.7000122070312,690.4683227539062,13760700,0.0,0.0,yahoo,-0.020823559716553253,650.765751953125,681.2537295532227,63.361386991402206,0.4871762238903751,787.419189453125,-0.12312484633064713
2026-02-04,META,687.72998046875,688.8300170898438,667.4600219726562,668.989990234375,667.798828125,16882800,0.0,0.0,yahoo,-0.03283205598555172,652.3692932128906,682.0954360961914,61.42766303269736,0.5014537431692058,787.419189453125,-0.15191446046825863
2026-02-05,META,663.5800170898438,681.5,653.5,670.2100219726562,669.0166625976562,17131800,0.0,0.0,yahoo,0.0018236547016345916,653.8954565429688,683.0269929504394,60.74645773417866,0.5014265647837258,787.419189453125,-0.15036784528670322
2026-02-06,META,665.489990234375,671.989990234375,646.5,661.4600219726562,660.2822265625,18159300,0.0,0.0,yahoo,-0.013055633026002988,654.8719067382813,683.8370925903321,58.654297300844064,0.4993073714424502,787.419189453125,-0.1614603309057322
2026-02-09,META,663.1799926757812,683.3099975585938,658.780029296875,677.219970703125,676.0140991210938,14837500,0.0,0.0,yahoo,0.023825982172041238,655.7007971191406,684.626304321289,65.37522226186118,0.5047926977169912,787.419189453125,-0.14148129969934287
2026-02-10,META,677.5999755859375,680.6500244140625,669.7899780273438,670.719970703125,669.525634765625,10455800,0.0,0.0,yahoo,-0.00959811986747705,656.4519812011719,685.3189337158203,62.269498719217246,0.5056108121871368,787.419189453125,-0.1497214650932992
2026-02-11,META,674.0,679.27001953125,657.0999755859375,668.6900024414062,667.4993286132812,14323800,0.0,0.0,yahoo,-0.003026480312517177,656.8765844726563,685.9311163330078,55.19385049115185,0.5013944039804228,787.419189453125,-0.15229481633935027
2026-02-12,META,669.969970703125,676.0,645.280029296875,649.8099975585938,648.6529541015625,14960100,0.0,0.0,yahoo,-0.028234297330113844,657.0654919433593,686.4367669677735,47.87400298501739,0.5083585650968251,787.419189453125,-0.17622917654310388
2026-02-13,META,645.0999755859375,651.4299926757812,634.5700073242188,639.77001953125,638.6307983398438,12336400,0.0,0.0,yahoo,-0.015450720910691329,656.9296813964844,686.8689016723633,42.12536990608116,0.5032719418112431,787.419189453125,-0.18895702963070682
2026-02-17,META,639.5,642.5999755859375,628.7999877929688,639.2899780273438,638.1516723632812,12674700,0.0,0.0,yahoo,-0.0007502393837065524,656.9338977050782,687.3257312011718,41.85687447555983,0.5028437710220283,787.419189453125,-0.18956550600895616
2026-02-18,META,633.7999877929688,645.0,628.1500244140625,643.219970703125,642.0746459960938,14649200,0.0,0.0,yahoo,0.006147400066013331,656.579111328125,687.6865933227539,43.822952604107606,0.5029502135689439,787.419189453125,-0.18458344094709622
2026-02-19,META,638.5700073242188,647.1900024414062,636.719970703125,644.780029296875,643.6318969726562,10035700,0.0,0.0,yahoo,0.0024253425770248693,656.0182873535156,687.9316915893555,16.227312729422763,0.4923969360181607,787.419189453125,-0.18260577644841403
2026-02-20,META,639.6900024414062,663.3499755859375,638.780029296875,655.6599731445312,654.4925537109375,14183500,0.0,0.0,yahoo,0.016874018813183067,655.8067333984375,688.2198889160156,26.148656714414415,0.4930933478246531,787.419189453125,-0.1688130509424175
2026-02-23,META,652.5399780273438,657.7000122070312,636.0,637.25,636.1153564453125,8605900,0.0,0.0,yahoo,-0.028078542928299588,655.4239245605469,688.475758972168,24.547337400605954,0.46503965777213485,787.419189453125,-0.19215156937297329
2026-02-24,META,633.0800170898438,641.1099853515625,628.97998046875,639.2999877929688,638.1616821289062,10135600,0.0,0.0,yahoo,0.0032169097363548005,655.2182885742187,688.6945523071289,28.733761077406854,0.46089205866464517,787.419189453125,-0.18955279389099022
2026-02-25,META,642.530029296875,653.8800048828125,642.1400146484375,653.6900024414062,652.5260009765625,11330700,0.0,0.0,yahoo,0.02250890213235124,655.2484716796876,688.9791912841797,43.340837963850035,0.4620410598729589,787.419189453125,-0.17131051704524491
2026-02-26,META,650.5499877929688,661.0,647.5,657.010009765625,655.8401489257812,10637700,0.0,0.0,yahoo,0.005078951557882405,655.5140979003907,689.3078903198242,44.35799760190593,0.46247837795446084,787.419189453125,-0.16710164330479105
2026-02-27,META,643.4500122070312,649.4400024414062,638.1199951171875,648.1799926757812,647.0258178710938,15703000,0.0,0.0,yahoo,-0.01343975520425933,655.5274731445312,689.3587643432617,44.32766865413595,0.4642152893626478,787.419189453125,-0.1782955933288045
2026-03-02,META,637.1599731445312,659.9400024414062,634.5,653.5599975585938,652.396240234375,9816100,0.0,0.0,yahoo,0.008300167033444605,655.4557995605469,689.3538250732422,38.910767435475805,0.2679873674037238,787.419189453125,-0.17147530950131606
2026-03-03,META,648.2899780273438,659.0399780273438,638.8400268554688,655.0800170898438,653.91357421875,12263800,0.0,0.0,yahoo,0.002325785911687417,655.5672009277343,689.3398895263672,42.31076315197747,0.25459833441784685,787.419189453125,-0.1695483384486689
2026-03-04,META,657.9600219726562,672.77001953125,657.6699829101562,667.72998046875,666.541015625,10810100,0.0,0.0,yahoo,0.0193105662645654,655.6326843261719,689.466178894043,49.57263980184815,0.26425558603213756,787.419189453125,-0.1535118466087635
2026-03-05,META,661.9299926757812,670.7000122070312,650.3099975585938,660.5700073242188,659.393798828125,13341400,0.0,0.0,yahoo,-0.010722846200504565,655.6686206054687,689.5743606567382,55.347913080685785,0.25768741049955807,787.419189453125,-0.16258860888812687
2026-03-06,META,647.9000244140625,649.469970703125,636.1099853515625,644.8599853515625,643.7117309570312,13159400,0.0,0.0,yahoo,-0.02378255285227726,655.3364123535156,689.6036840820312,52.39484058944966,0.24570108290344367,787.419189453125,-0.18250438955634396
2026-03-09,META,634.780029296875,647.75,626.780029296875,647.3900146484375,646.2372436523438,13489700,0.0,0.0,yahoo,0.00392335974918101,654.9860375976563,689.6622174072265,53.73891652310173,0.24618052153714448,787.419189453125,-0.17929706018319713
2026-03-10,META,653.5599975585938,660.2999877929688,649.0,654.0700073242188,652.9053955078125,9859300,0.0,0.0,yahoo,0.010318427049766266,654.7169189453125,689.7620596313477,54.884331856343934,0.24571146132364896,787.419189453125,-0.17082869676916868
2026-03-11,META,654.760009765625,659.1199951171875,648.3599853515625,654.8599853515625,653.6939697265625,8977200,0.0,0.0,yahoo,0.0012077924676003882,654.5486193847656,689.8605160522461,54.56936182431889,0.22955003051303377,787.419189453125,-0.16982722991477606
2026-03-12,META,648.75,653.5,636.9000244140625,638.1799926757812,637.043701171875,11617500,0.0,0.0,yahoo,-0.025471045054388686,654.139150390625,689.9230798339844,42.47201911105774,0.24281036399762973,787.419189453125,-0.19097259794454358
2026-03-13,META,623.8900146484375,629.1699829101562,609.5499877929688,613.7100219726562,612.6171875,18957600,0.0,0.0,yahoo,-0.038343544763006276,653.0962097167969,689.7875186157227,40.36507186517097,0.2731529881014484,787.419189453125,-0.22199357634975558
2026-03-16,META,632.0,634.75,623.0999755859375,627.4500122070312,626.8690185546875,15134900,0.525,0.0,yahoo,0.023263844608812034,652.4552978515625,689.7169418334961,45.790972494896224,0.27368380480650956,787.419189453125,-0.20389415580529868
2026-03-17,META,627.989990234375,636.5499877929688,621.7000122070312,622.6599731445312,622.0834350585938,10348800,0.0,0.0,yahoo,-0.0076341043414897,651.9119299316407,689.6151168823242,37.780880915458276,0.26997152803122737,787.419189453125,-0.20997171088675082
2026-03-18,META,616.3400268554688,622.6500244140625,614.6099853515625,615.6799926757812,615.1099243164062,11726300,0.0,0.0,yahoo,-0.011209928361989974,651.0617895507812,689.4662734985352,34.118139844828406,0.2722177800187371,787.419189453125,-0.21882787141165594
2026-03-19,META,612.1500244140625,613.0,602.260009765625,606.7000122070312,606.1382446289062,13247700,0.0,0.0,yahoo,-0.014585490060935902,649.9956811523438,689.1559939575195,34.076325019800535,0.2742416416267537,787.419189453125,-0.23022164972906134
2026-03-20,META,603.530029296875,603.9600219726562,587.25,593.6599731445312,593.1102905273438,21214900,0.0,0.0,yahoo,-0.021493370888580943,648.9071887207032,688.8007427978515,28.210686788646967,0.28115330140987316,787.419189453125,-0.24676678131343466
2026-03-23,META,605.7899780273438,608.6400146484375,599.010009765625,604.0599975585938,603.5006713867188,13638000,0.0,0.0,yahoo,0.017518463303236143,648.0790100097656,688.3923690795898,32.60624643318177,0.2817567232905283,787.419189453125,-0.23357129281309563
2026-03-24,META,599.0999755859375,601.0,591.0,592.9199829101562,592.3709716796875,10739700,0.0,0.0,yahoo,-0.01844190111911148,646.888486328125,687.9449298095703,24.14217355186196,0.27309719817402434,787.419189453125,-0.24770569524588493
2026-03-25,META,598.739990234375,603.6699829101562,593.4000244140625,594.8900146484375,594.3391723632812,12585000,0.0,0.0,yahoo,0.00332258125007856,645.9587329101563,687.4421450805664,26.470392150196716,0.27312894760222634,787.419189453125,-0.24520613629436805
2026-03-26,META,582.489990234375,583.0,543.3499755859375,547.5399780273438,547.032958984375,35780100,0.0,0.0,yahoo,-0.07959464154247431,644.3000659179687,686.7210061645508,21.542313423423835,0.36530557460670454,787.419189453125,-0.305283683314477
2026-03-27,META,540.0999755859375,543.5999755859375,520.260009765625,525.719970703125,525.233154296875,30133000,0.0,0.0,yahoo,-0.03985098946866683,642.5162487792969,685.8493362426758,18.011754709741666,0.37782037974600824,787.419189453125,-0.33296881593442285
2026-03-30,META,536.3800048828125,539.5499877929688,528.5399780273438,536.3800048828125,535.8833618164062,22795200,0.0,0.0,yahoo,0.02027710442953401,640.8400244140626,685.07205078125,19.70231520328943,0.39201151078678004,787.419189453125,-0.3194433549573694
2026-03-31,META,549.97998046875,573.6900024414062,546.77001953125,572.1300048828125,571.6002197265625,32898300,0.0,0.0,yahoo,0.06665043264096115,639.8891174316407,684.4772335815429,32.00082968672635,0.46843772408370754,787.419189453125,-0.27408396012859704
2026-04-01,META,580.1300048828125,592.5499877929688,573.8200073242188,579.22998046875,578.6936645507812,23608100,0.0,0.0,yahoo,0.012409800730328824,639.4021044921875,683.9701226806641,36.64709278889627,0.4719467324089454,787.419189453125,-0.26507548672684356
2026-04-02,META,566.0399780273438,578.5,559.7000122070312,574.4600219726562,573.9281005859375,13518500,0.0,0.0,yahoo,-0.008235037389847877,638.6432946777344,683.3406317138672,40.2708581595422,0.4633590637218408,787.419189453125,-0.2711276175723637
2026-04-06,META,577.6900024414062,582.7899780273438,572.0,573.02001953125,572.4894409179688,9515700,0.0,0.0,yahoo,-0.002506689716882615,637.1635473632813,682.728317565918,35.383229731126434,0.4633319912694814,787.419189453125,-0.2729546744783148
2026-04-07,META,572.47998046875,575.22998046875,564.760009765625,575.0499877929688,574.5175170898438,9580800,0.0,0.0,yahoo,0.003542556468156155,635.5021569824219,682.1334201049805,37.0223038125105,0.45999643494813025,787.419189453125,-0.2703790753577453
2026-04-08,META,606.0,629.9500122070312,591.8300170898438,612.4199829101562,611.8529052734375,32036600,0.0,0.0,yahoo,0.06498563938087054,634.3159606933593,681.7920806884765,49.237668161434975,0.5196787301766593,787.419189453125,-0.22296419306420645
2026-04-09,META,626.969970703125,637.5,623.0,628.3900146484375,627.8081665039062,19012900,0.0,0.0,yahoo,0.026076955903867605,633.4366906738281,681.4498806762696,54.911459814674835,0.5272315930166122,787.419189453125,-0.20270146459101546
2026-04-10,META,634.469970703125,638.5800170898438,624.3300170898438,629.8599853515625,629.2767333984375,13294800,0.0,0.0,yahoo,0.002339196864400872,632.6714416503906,681.046897277832,58.65034167733572,0.5273150065146448,787.419189453125,-0.2008364263569954
2026-04-13,META,629.5,635.0,624.4000244140625,634.530029296875,633.9425048828125,9538900,0.0,0.0,yahoo,0.0074144986406494695,630.6103845214843,680.6847854614258,57.486124465399044,0.5205718758274701,787.419189453125,-0.19491102912656277
2026-04-14,META,643.219970703125,666.260009765625,639.3699951171875,662.489990234375,661.8765258789062,17818000,0.0,0.0,yahoo,0.04406396602363416,629.5434313964844,680.3755780029297,65.78767213496573,0.5218009331815661,787.419189453125,-0.15943561606799306
2026-04-15,META,667.0,678.5,664.219970703125,671.5800170898438,670.9581909179688,14952600,0.0,0.0,yahoo,0.013721086462468168,628.8595532226562,680.0742022705078,66.85864867158803,0.5184456110152468,787.419189453125,-0.1479021594787907
2026-04-16,META,675.989990234375,677.5800170898438,667.75,676.8699951171875,676.2432250976562,9544800,0.0,0.0,yahoo,0.007876845757642137,628.5750512695313,679.7770242309571,84.88053022836161,0.5169359527784424,787.419189453125,-0.14119031621858513
2026-04-17,META,678.5999755859375,691.52001953125,675.1300048828125,688.5499877929688,687.9124145507812,16283500,0.0,0.0,yahoo,0.01725590589309034,628.9773229980469,679.6322341918946,96.45650530199534,0.5154459790890014,787.419189453125,-0.12637077713517852
2026-04-20,META,681.3599853515625,683.3800048828125,668.0,670.9099731445312,670.2887573242188,12534000,0.0,0.0,yahoo,-0.02561904227018652,629.0027648925782,679.427483215332,86.9121556611206,0.5223275410427701,787.419189453125,-0.14875232112422254
2026-04-21,META,671.0,676.2000122070312,667.3300170898438,668.8400268554688,668.220703125,8660100,0.0,0.0,yahoo,-0.003085318344700272,629.1615344238281,679.1852807617188,82.55136149709573,0.5142511241269478,787.419189453125,-0.15137869120374148
2026-04-22,META,674.3599853515625,678.3800048828125,669.75,674.719970703125,674.09521484375,9215600,0.0,0.0,yahoo,0.00879127463617535,629.1231567382813,678.9757403564453,82.40686643028309,0.5127164389188739,787.419189453125,-0.14391822821600309
2026-04-23,META,663.7000122070312,669.5599975585938,653.0499877929688,659.1500244140625,658.5396728515625,11667000,0.0,0.0,yahoo,-0.023076179224611693,628.9034375,678.6768606567383,76.7786277236903,0.515717626327354,787.419189453125,-0.16367332461261375
2026-04-24,META,660.3200073242188,680.6699829101562,653.8400268554688,675.030029296875,674.4049682617188,13348300,0.0,0.0,yahoo,0.024091631930780233,629.0415502929687,678.3969543457031,79.55614730565293,0.5195862706218295,787.419189453125,-0.1435248501752877
2026-04-27,META,671.0,682.5,670.8400268554688,678.6199951171875,677.9916381835938,12805200,0.0,0.0,yahoo,0.005318273278916763,629.6283239746094,678.1625912475586,79.7393048175246,0.41492372326376553,787.419189453125,-0.13896988127191867
2026-04-28,META,674.239990234375,678.1799926757812,665.6300048828125,671.3400268554688,670.7183837890625,10606800,0.0,0.0,yahoo,-0.010727646160971882,630.2700756835937,677.9403530883789,70.45268313537741,0.3812070998964666,787.419189453125,-0.14820670771957312
2026-04-29,META,668.9099731445312,674.25,663.8099975585938,669.1199951171875,668.5004272460938,18947500,0.0,0.0,yahoo,-0.0033068372607277796,630.87705078125,677.6900305175782,65.63052705219506,0.38348633228503815,787.419189453125,-0.15102344951692404
2026-04-30,META,619.3200073242188,620.8499755859375,600.0,611.9099731445312,611.3433837890625,52765000,0.0,0.0,yahoo,-0.08550038433407037,630.2624255371094,677.2064010620118,45.17551522252858,0.4592756734000134,787.419189453125,-0.22361127087384025
2026-05-01,META,614.6900024414062,618.8800048828125,606.1099853515625,608.75,608.1863403320312,21404000,0.0,0.0,yahoo,-0.005164108323973515,629.5535144042968,676.7442645263671,43.01428995690268,0.4590681670168123,787.419189453125,-0.22762062637255998
2026-05-04,META,607.9400024414062,614.0,602.75,610.4099731445312,609.8447875976562,16203900,0.0,0.0,yahoo,0.0027268735840393354,628.6605590820312,676.2978955078125,33.541902038477545,0.4573230495136742,787.419189453125,-0.22551444546175836
2026-05-05,META,613.3099975585938,614.3499755859375,600.3599853515625,604.9600219726562,604.3998413085938,17171300,0.0,0.0,yahoo,-0.008928413261531043,628.0262487792969,675.8099984741211,28.451244718984782,0.45888809927702007,787.419189453125,-0.23242937255776186
2026-05-06,META,601.0499877929688,619.9500122070312,598.0999755859375,612.8800048828125,612.3125,19915500,0.0,0.0,yahoo,0.0130917616958246,627.5092651367188,675.3183569335938,29.648227731964013,0.460223233914044,787.419189453125,-0.22238052081857362
2026-05-07,META,614.719970703125,624.97998046875,613.5399780273438,616.8099975585938,616.2388305664062,12307400,0.0,0.0,yahoo,0.006412298567163521,626.7835217285157,674.8870135498047,26.000232170112014,0.40266435122711913,787.419189453125,-0.21739419254642012
2026-05-08,META,615.2000122070312,616.77001953125,606.0599975585938,609.6300048828125,609.0654907226562,13557000,0.0,0.0,yahoo,-0.011640519045443387,625.8480285644531,674.3760961914063,27.956799738403987,0.39376084509858306,787.419189453125,-0.2265041303531582
2026-05-11,META,604.5700073242188,604.9099731445312,598.0800170898438,598.8599853515625,598.3054809570312,15940600,0.0,0.0,yahoo,-0.017666424923957313,624.8736218261719,673.8052993774414,26.31005102840625,0.3976131006219169,787.419189453125,-0.2401690370632651
2026-05-12,META,594.8200073242188,603.75,592.5999755859375,603.0,602.441650390625,11351600,0.0,0.0,yahoo,0.006913139801055568,623.8745300292969,673.2657489013671,25.43161035195162,0.3974658168933541,787.419189453125,-0.2349162193913128
2026-05-13,META,598.8300170898438,619.9000244140625,596.6599731445312,616.6300048828125,616.0590209960938,14634400,0.0,0.0,yahoo,0.022603634055911037,623.1174389648437,672.7696157836914,35.2381421009342,0.37219763027290376,787.419189453125,-0.21762254559232108
2026-05-14,META,616.0,623.72998046875,615.0,618.4299926757812,617.8573608398438,10651200,0.0,0.0,yahoo,0.0029191031743067697,622.1437658691407,672.3703366088868,28.220693909252816,0.3678884003900899,787.419189453125,-0.21533870508165365
2026-05-15,META,613.989990234375,621.2000122070312,609.3099975585938,614.22998046875,613.6612548828125,13272600,0.0,0.0,yahoo,-0.006791382967951565,621.2291149902344,671.9739483642578,25.33892947374973,0.36559793981042105,787.419189453125,-0.22066764043557296
2026-05-18,META,609.1099853515625,615.5900268554688,603.6900024414062,611.2100219726562,610.64404296875,13772400,0.0,0.0,yahoo,-0.004916738493843331,620.5677612304687,671.172601928711,26.193657369469506,0.3570548876487478,787.419189453125,-0.22449941384734107
2026-05-19,META,608.9199829101562,613.9299926757812,600.5499877929688,602.6099853515625,602.052001953125,11749900,0.0,0.0,yahoo,-0.014070457436796246,619.6840563964844,670.4450625610351,24.93402485021764,0.3510078991087025,787.419189453125,-0.23541106183701266
2026-05-20,META,600.760009765625,608.0,597.8099975585938,605.0599975585938,604.499755859375,11329700,0.0,0.0,yahoo,0.004065685187175205,618.7159436035156,669.5983926391601,45.60391564611768,0.35233440746882,787.419189453125,-0.23230248391684538
2026-05-21,META,600.0,609.5999755859375,594.8099975585938,607.3800048828125,606.8175659179688,13476100,0.0,0.0,yahoo,0.0038342613642559087,617.7784155273438,668.827650756836,49.11116853633325,0.35038832981382956,787.419189453125,-0.22935893099149252
2026-05-22,META,607.8800048828125,614.8099975585938,606.9500122070312,610.260009765625,609.6949462890625,11688600,0.0,0.0,yahoo,0.004741755236997713,617.2314404296875,668.0287850952149,49.904214933106516,0.34527271071548,787.419189453125,-0.2257047396666758
2026-05-26,META,608.8900146484375,614.469970703125,605.2999877929688,612.3400268554688,611.7730102539062,12234200,0.0,0.0,yahoo,0.0034083667209183766,617.2145568847657,667.2909442138672,54.92525800096546,0.33166687772705,787.419189453125,-0.22306565746919094
2026-05-27,META,609.4000244140625,638.5,609.0,635.260009765625,634.6718139648438,23143600,0.0,0.0,yahoo,0.037430228740286786,617.3706127929687,666.6303692626954,62.444416513518384,0.3609044011721274,787.419189453125,-0.19398482731207844
2026-05-28,META,639.5,643.0,629.3099975585938,635.2899780273438,634.7017211914062,16772400,0.0,0.0,yahoo,4.712234875481336e-05,617.622978515625,665.9870376586914,60.741694518502946,0.35988250619221884,787.419189453125,-0.19394684598400935
2026-05-29,META,633.5,634.5,623.3499755859375,632.510009765625,631.92431640625,19806500,0.0,0.0,yahoo,-0.004375921306693065,617.9592663574218,665.209563293457,64.01618834406295,0.35993658583254523,787.419189453125,-0.19747407115499516
2026-06-01,META,630.4000244140625,635.75,599.530029296875,600.469970703125,599.9139404296875,29138800,0.0,0.0,yahoo,-0.05065539518815376,617.8347802734374,664.321474609375,50.78236468709866,0.2667840668552957,787.419189453125,-0.23812633922937898
2026-06-02,META,603.239990234375,608.8800048828125,596.6799926757812,597.6300048828125,597.0765991210938,18252000,0.0,0.0,yahoo,-0.004729580557107038,617.9141064453125,663.4089831542968,47.35701111726498,0.26669797041209475,787.419189453125,-0.2417296820823317
2026-06-03,META,603.0,624.1500244140625,600.27001953125,622.97998046875,622.4031372070312,23020100,0.0,0.0,yahoo,0.04241756940938335,618.2921557617187,662.6076748657226,52.802045772157136,0.3057802208283921,787.419189453125,-0.20956569824098392
2026-06-04,META,623.6699829101562,642.4000244140625,622.4299926757812,627.5700073242188,626.9888916015625,21469200,0.0,0.0,yahoo,0.007367820180195883,618.9845141601562,661.918303527832,53.93625938673588,0.30422077201408565,787.419189453125,-0.20374192044136474
2026-06-05,META,623.4600219726562,629.1500244140625,582.9099731445312,593.0,592.450927734375,30091600,0.0,0.0,yahoo,-0.055085447812264654,618.9467492675781,661.1354330444336,42.75278597830611,0.35936207804274983,787.419189453125,-0.24760415332798602
2026-06-08,META,592.0,592.0,579.219970703125,585.3900146484375,584.8479614257812,19512400,0.0,0.0,yahoo,-0.012833073513225268,619.7030493164062,660.3332864379882,41.453729260820765,0.36032555267875455,787.419189453125,-0.2572597045393733
2026-06-09,META,591.0,597.6300048828125,581.010009765625,584.5900268554688,584.0487060546875,16977400,0.0,0.0,yahoo,-0.0013666036710554552,620.8793603515625,659.5701028442382,43.71074090468308,0.3587018703016955,787.419189453125,-0.2582747361537906
2026-06-10,META,580.72998046875,591.3200073242188,570.5999755859375,570.97998046875,570.4512939453125,17064000,0.0,0.0,yahoo,-0.023281298234914316,621.5707189941406,658.6607382202149,38.96515136049981,0.3623499640947407,787.419189453125,-0.27554306322976474
2026-06-11,META,565.8300170898438,572.1699829101562,557.010009765625,568.4299926757812,567.9036254882812,17628000,0.0,0.0,yahoo,-0.004466057810845303,621.496787109375,657.7460607910157,37.407048952374936,0.3609578341418583,787.419189453125,-0.2787785297908485
2026-06-12,META,572.9500122070312,576.0700073242188,560.9000244140625,566.97998046875,566.4549560546875,14326400,0.0,0.0,yahoo,-0.0025509071761044,621.2520129394532,656.8201531982422,35.87649599367154,0.3491893379338142,787.419189453125,-0.2806182988147655
2026-06-15,META,579.9000244140625,601.27001953125,579.2999877929688,593.47998046875,593.47998046875,17653300,0.525,0.0,yahoo,0.04770904398522635,621.6430505371094,656.0628607177734,44.86223255026206,0.3918442232913016,787.419189453125,-0.24629728559075226
2026-06-16,META,593.6500244140625,605.8099975585938,592.0,600.2100219726562,600.2100219726562,11344400,0.0,0.0,yahoo,0.011339963815781395,622.1974621582032,655.3206292724609,39.35420275776872,0.3938600646054915,787.419189453125,-0.2377503240814952
2026-06-17,META,592.0,593.8099975585938,566.1900024414062,567.5800170898438,567.5800170898438,20478300,0.0,0.0,yahoo,-0.05436431197128366,622.0587121582031,654.4770950317383,32.74119625583887,0.43548312395254063,787.419189453125,-0.2791895032631386
2026-06-18,META,572.8200073242188,580.219970703125,563.0999755859375,577.219970703125,577.219970703125,28824600,0.0,0.0,yahoo,0.016984307627157635,621.3660534667969,653.6996520996094,36.413514390266826,0.4389133093010819,787.419189453125,-0.2669470360456756
2026-06-22,META,572.02001953125,575.8099975585938,559.8099975585938,563.8499755859375,563.8499755859375,15405500,0.0,0.0,yahoo,-0.02316273829005122,620.0868896484375,652.8456909179688,40.12912102414762,0.4445549224617867,787.419189453125,-0.2839265500024959
2026-06-23,META,562.25,572.2000122070312,561.02001953125,562.2000122070312,562.2000122070312,13103300,0.0,0.0,yahoo,-0.002926245367292357,618.7453552246094,651.9256692504882,40.39165953714615,0.443874584364689,787.419189453125,-0.2860219566181922
2026-06-24,META,561.8900146484375,569.0399780273438,555.5499877929688,557.6699829101562,557.6699829101562,13963600,0.0,0.0,yahoo,-0.00805768267256246,617.2199047851562,650.9640597534179,29.858342113519257,0.4431831327191936,787.419189453125,-0.2917749651269398
2026-06-25,META,555.5499877929688,556.3400268554688,540.1799926757812,542.8699951171875,542.8699951171875,16968600,0.0,0.0,yahoo,-0.026538971518130117,614.8397741699218,649.9291979980469,25.39072599826011,0.4490934221836485,787.419189453125,-0.3105705291558627
2026-06-26,META,543.3400268554688,556.8499755859375,540.4000244140625,550.25,550.25,18867700,0.0,0.0,yahoo,0.013594423985837434,612.4256103515625,648.8644549560547,35.32151615817827,0.4276002630678846,787.419189453125,-0.3011981326208759
2026-06-29,META,560.0,570.9000244140625,558.0,562.5999755859375,562.5999755859375,15011400,0.0,0.0,yahoo,0.022444299111199495,610.1527453613281,647.9298376464844,42.5089940735498,0.4387650304112348,787.419189453125,-0.28551401448995417
2026-06-30,META,560.9400024414062,565.5399780273438,551.4299926757812,563.2899780273438,563.2899780273438,18111100,0.0,0.0,yahoo,0.001226453024082641,607.6602966308594,647.0040524291992,43.00528833280342,0.43935198557873917,787.419189453125,-0.28463773099236067
2026-07-01,META,607.9099731445312,628.280029296875,595.0999755859375,612.9099731445312,612.9099731445312,45536300,0.0,0.0,yahoo,0.08808961112881497,606.5127209472656,646.3029940795899,61.51195060559774,0.5145153214887623,787.419189453125,-0.22162174689925085
2026-07-02,META,607.9000244140625,610.0,580.4199829101562,582.9000244140625,582.9000244140625,21705900,0.0,0.0,yahoo,-0.04896306153496388,604.8063073730468,645.4064846801758,53.53899664596091,0.5432915639495247,787.419189453125,-0.2597335292033006
2026-07-06,META,594.8400268554688,603.5800170898438,581.760009765625,600.2899780273438,600.2899780273438,17674100,0.0,0.0,yahoo,0.02983350983860711,603.3302026367187,644.525658569336,57.42599032985498,0.5323786639638829,787.419189453125,-0.2376487821635963
2026-07-07,META,607.5900268554688,625.3699951171875,603.6599731445312,615.5800170898438,615.5800170898438,18560800,0.0,0.0,yahoo,0.025471088344246162,602.4710095214843,643.7376293945313,55.11385768192273,0.5396890289721995,787.419189453125,-0.2182308669447417
2026-07-08,META,614.3900146484375,616.0,598.010009765625,603.1199951171875,603.1199951171875,13606500,0.0,0.0,yahoo,-0.02024110859147288,601.0453100585937,642.8647241210938,50.655961132957984,0.5076939683875243,787.419189453125,-0.2340547408603747
2026-07-09,META,583.989990234375,633.27001953125,577.0700073242188,631.47998046875,631.47998046875,26579700,0.0,0.0,yahoo,0.04702212757189739,600.1150769042969,642.1429379272461,64.68695543117576,0.5285652801518723,787.419189453125,-0.19803836517202134
2026-07-10,META,660.3400268554688,677.8599853515625,658.010009765625,669.2100219726562,669.2100219726562,40608900,0.0,0.0,yahoo,0.05974859484207107,600.0849096679688,641.673112487793,68.72533328562437,0.5618349957873445,787.419189453125,-0.15012228437379949
2026-07-13,META,661.3800048828125,676.6199951171875,654.2000122070312,656.72998046875,656.72998046875,19840700,0.0,0.0,yahoo,-0.018648916026568707,599.8495007324219,641.1895599365234,68.97524078387559,0.558901179350573,787.419189453125,-0.1659715825253646
2026-07-14,META,652.0,666.5,649.0499877929688,661.0399780273438,661.0399780273438,16748200,0.0,0.0,yahoo,0.00656281529208913,600.8434326171875,640.7013259887696,69.97573889784432,0.5572762572901072,787.419189453125,-0.1604980080731251
2026-07-15,META,663.5999755859375,686.0800170898438,656.6599731445312,681.3099975585938,681.3099975585938,19003400,0.0,0.0,yahoo,0.030663833058537815,602.3059057617188,640.373039855957,73.4931990130091,0.5613384405068678,787.419189453125,-0.13475565914036935
2026-07-16,META,677.280029296875,681.9000244140625,660.1599731445312,664.5399780273438,664.5399780273438,15816000,0.0,0.0,yahoo,-0.02461437464787497,603.3998095703125,639.9866366577148,72.94707133291263,0.5550517125722306,787.419189453125,-0.15605310750824197
2026-07-17,META,647.7000122070312,652.2000122070312,626.0,646.010009765625,646.010009765625,22267900,0.0,0.0,yahoo,-0.02788390296205223,604.2320129394532,639.5093286132812,67.33150046705393,0.5667813123007824,787.419189453125,-0.1795856407636076
2026-07-20,META,646.7000122070312,653.2999877929688,636.010009765625,645.8499755859375,645.8499755859375,10225200,0.0,0.0,yahoo,-0.0002477270897792705,604.9027624511718,639.076203918457,65.76286182626052,0.5259707571753762,787.419189453125,-0.17978887962523438
2026-07-21,META,654.1799926757812,655.8800048828125,643.2000122070312,643.8099975585938,643.8099975585938,9140500,0.0,0.0,yahoo,-0.0031585942625343977,605.4541857910157,638.7178579711914,65.16841349552342,0.5256286163483603,787.419189453125,-0.18237959376411705
2026-07-22,META,647.7000122070312,649.0,624.0,627.1699829101562,627.1699829101562,11019600,0.0,0.0,yahoo,-0.025846157579935802,605.8162756347656,638.2278881835938,53.06745953179084,0.5275654133699313,787.419189453125,-0.20351193962426084
2026-07-23,META,608.4099731445312,614.6500244140625,597.219970703125,606.0999755859375,606.0999755859375,15494800,0.0,0.0,yahoo,-0.033595369514419327,605.9721655273438,637.7148043823242,55.19014284130376,0.5442420805485952,787.419189453125,-0.2302702503264069
2026-07-24,META,605.2999877929688,609.97998046875,594.4500122070312,595.1900024414062,595.1900024414062,11503500,0.0,0.0,yahoo,-0.01800028639497009,605.8271325683594,637.1217367553711,48.82499947970249,0.5481249276079398,787.419189453125,-0.2441256062672602
2026-07-27,META,607.219970703125,611.260009765625,593.1300048828125,593.8699951171875,593.8699951171875,11195300,0.0,0.0,yahoo,-0.002217791493143717,605.3833520507812,636.5349356079101,44.65402358381531,0.5376139062928388,787.419189453125,-0.24580197806756587
2026-07-28,META,596.8200073242188,601.0,587.0,593.4099731445312,593.4099731445312,12009300,0.0,0.0,yahoo,-0.0007746173008209567,604.894404296875,635.9220959472656,47.45877613480439,0.5369631854562871,787.419189453125,-0.24638619290359964
2026-07-29,META,593.25,599.969970703125,582.219970703125,585.6099853515625,585.6099853515625,22371100,0.0,0.0,yahoo,-0.0131443490099028,604.33337890625,635.1921096801758,36.547608392910206,0.5358257152991687,787.419189453125,-0.2562919558027563
2026-07-30,META,526.0,539.8800048828125,524.489990234375,539.030029296875,539.030029296875,42271500,0.0,0.0,yahoo,-0.07954091839250976,602.9010986328125,634.3699078369141,13.705817669835056,0.6065176366916113,787.419189453125,-0.3154471766541024
2026-07-31,META,543.5999755859375,558.3300170898438,540.219970703125,556.7100219726562,556.7100219726562,24261500,0.0,0.0,yahoo,0.03279964327561391,601.9942590332031,633.584241027832,22.900192260434338,0.5290134332110946,787.419189453125,-0.29299408824504247
2026-08-03,META,562.239990234375,597.52001953125,559.3599853515625,590.239990234375,590.239990234375,25938100,0.0,0.0,yahoo,0.060228785073615176,601.7090637207032,633.0013821411133,33.43937014079263,0.5470916140293618,787.419189453125,-0.2504119811401778
2026-08-04,META,581.5,592.7899780273438,578.25,587.9400024414062,587.9400024414062,17959200,0.0,0.0,yahoo,-0.0038966993613147594,601.3315124511719,632.3626391601563,26.155565988387153,0.5372073311385257,787.419189453125,-0.25333290029451805
2026-08-05,META,600.4600219726562,601.0,580.1199951171875,588.77001953125,588.77001953125,14897200,0.0,0.0,yahoo,0.001411737739220209,600.9130139160156,631.7553750610351,28.935225327922012,0.5289858512001238,787.419189453125,-0.2522788021712298
2026-08-06,META,586.9500122070312,595.3099975585938,586.0,589.9000244140625,589.9000244140625,11811500,0.0,0.0,yahoo,0.0019192636264193652,600.4755541992188,631.1295739746093,32.730070108732406,0.524693263131468,787.419189453125,-0.2508437280735343
2026-08-07,META,585.6400146484375,598.739990234375,585.6199951171875,592.0999755859375,592.0999755859375,11250300,0.0,0.0,yahoo,0.003729362740847675,599.6241174316406,630.4387203979492,33.66160767227632,0.4958947123606489,787.419189453125,-0.24804985258593937
2026-08-10,META,599.1300048828125,608.2100219726562,592.030029296875,594.9199829101562,594.9199829101562,14967300,0.0,0.0,yahoo,0.0047627215681407264,598.8284826660156,629.7564810180664,35.20903824606265,0.44249993038883473,787.419189453125,-0.2444685234006838
2026-08-11,META,598.0,612.4299926757812,593.4000244140625,599.1199951171875,599.1199951171875,13146900,0.0,0.0,yahoo,0.007059793464132991,598.1723962402343,629.0945437622071,40.82313450866925,0.44162589119953827,787.419189453125,-0.23913462722024115
2026-08-12,META,601.0700073242188,604.5,578.2100219726562,578.8499755859375,578.8499755859375,16186900,0.0,0.0,yahoo,-0.03383298787630218,597.7511169433594,628.3283139038086,41.03794756666177,0.45152312463074934,787.419189453125,-0.2648769761529969
2026-08-13,META,580.7100219726562,595.8499755859375,579.3900146484375,594.969970703125,594.969970703125,11164200,0.0,0.0,yahoo,0.027848312683904197,597.708984375,627.6209408569335,49.9300331221841,0.4487461106959484,787.419189453125,-0.2444050403237683
2026-08-14,META,596.97998046875,601.8599853515625,589.2899780273438,589.8499755859375,589.8499755859375,8758000,0.0,0.0,yahoo,-0.008605468123268123,597.0579211425782,626.8258291625976,48.75185618375443,0.44379961422541403,787.419189453125,-0.2509072886633642
2026-08-17,META,589.75,590.239990234375,564.75,568.969970703125,568.969970703125,17225600,0.0,0.0,yahoo,-0.035398839954296824,595.8975427246094,625.923225402832,43.26572910748901,0.4493500704775061,787.419189453125,-0.2774243016629001
2026-08-18,META,557.47998046875,560.6599731445312,543.2100219726562,543.6699829101562,543.6699829101562,27094900,0.0,0.0,yahoo,-0.044466297160996704,594.921923828125,624.8929745483398,39.460187087450336,0.46836633401004546,787.419189453125,-0.30955456738647225
2026-08-19,META,541.3400268554688,554.0700073242188,537.27001953125,546.030029296875,546.030029296875,16971700,0.0,0.0,yahoo,0.004340953999494079,594.1455651855468,624.2994192504883,52.2618587442708,0.470009982621203,787.419189453125,-0.30655737552433615
2026-08-20,META,546.9500122070312,549.989990234375,539.3099975585938,545.8300170898438,545.8300170898438,13872200,0.0,0.0,yahoo,-0.00036630257733039073,593.38119140625,623.7952288818359,46.0367171394675,0.465671982659045,787.419189453125,-0.30681138534491237
2026-08-21,META,546.8900146484375,553.8699951171875,543.22998046875,549.9000244140625,549.9000244140625,13848000,0.0,0.0,yahoo,0.007456547270739078,592.970166015625,623.3644500732422,31.289449189104715,0.45684798799713056,787.419189453125,-0.30164259167219853
2026-08-24,META,550.2000122070312,561.4199829101562,546.2999877929688,559.02001953125,559.02001953125,12990600,0.0,0.0,yahoo,0.016584823990333897,592.7924938964844,623.031086730957,37.384414263539476,0.45940864653335367,787.419189453125,-0.2900604569727362
2026-08-25,META,563.8800048828125,570.7999877929688,561.4000244140625,570.0499877929688,570.0499877929688,9769100,0.0,0.0,yahoo,0.019730900283262853,592.86439453125,622.7098352050781,42.50118945688885,0.46587073273000873,787.419189453125,-0.2760527106421201
2026-08-26,META,590.3099975585938,593.3400268554688,561.8800048828125,576.1400146484375,576.1400146484375,31416300,0.0,0.0,yahoo,0.010683320736567525,592.5175952148437,622.5038632202148,44.69871834666155,0.46779203277711656,787.419189453125,-0.26831854955354106
2026-08-27,META,576.47998046875,588.3900146484375,567.6199951171875,571.0999755859375,571.0999755859375,15221400,0.0,0.0,yahoo,-0.00874794135862178,591.9353942871094,622.258876953125,42.08264913146249,0.4665986018997751,787.419189453125,-0.27471925597523805
2026-08-28,META,571.5499877929688,589.1900024414062,571.0,578.02001953125,578.02001953125,16042400,0.0,0.0,yahoo,0.012117044722708359,592.1441943359375,621.9983712768554,43.819505424721086,0.36959317822655036,787.419189453125,-0.26593099676337073
2026-08-31,META,577.6300048828125,578.6799926757812,569.1400146484375,572.3400268554688,572.3400268554688,13383800,0.0,0.0,yahoo,-0.00982663659363825,592.0465954589844,621.7328045654297,40.311164167186696,0.35640571189166076,787.419189453125,-0.2731444260928313
2026-09-01,META,558.3499755859375,584.9500122070312,556.0999755859375,578.5399780273438,578.5399780273438,15796900,0.0,0.0,yahoo,0.01083263598727946,592.3403955078124,621.5883535766602,49.875131960858454,0.28857104139963674,787.419189453125,-0.26527066424536994
2026-09-02,META,579.5499877929688,600.3800048828125,577.0,592.8499755859375,592.8499755859375,16426291,0.0,0.0,yahoo,0.024734673664881024,592.9533947753906,621.5110638427734,49.133423016508225,0.30144871817675345,787.419189453125,-0.24709737389346442
